"Format","AIM CSV File"
"Venue","OTTOBIANO"
"Vehicle","EasyKart60"
"User","ANDREA"
"Data Source","AIM Data Logger"
"Comment",""
"Date","02/17/07"
"Time","16:46:07"
"Sample Rate","10"
"Duration","58.600"
"Segment","Lap 10 - 0:58.600"

"Time","Distance","Engine","Temperature","GPS_Speed","GPS_Nsat","GPS_LatAcc","GPS_LonAcc","GPS_Slope","GPS_Heading","GPS_Gyro","GPS_Latitude","GPS_Longitude","GPS_Elevation",
"Time","Distance","Engine","Temperature","GPS_Speed","GPS_Nsat","GPS_LatAcc","GPS_LonAcc","GPS_Slope","GPS_Heading","GPS_Gyro","GPS_Latitude","GPS_Longitude","GPS_Elevation",
"sec","km","rpm","°C","km/h","#","g","g","deg","deg","deg/s","°","°","cm",
"","","1","2","3","4","5","6","7","8","9","10","11","12",

0.000,0.000,12759.440430,0.000000,77.712006,8.000000,-0.060469,0.051062,0.366555,52.240868,-1.626377,45.164664463460,8.816122205255,84.38
0.100,0.002,12782.000000,0.000000,77.912003,8.000000,-0.058774,0.052261,0.360482,52.401295,-1.614002,45.164676381152,8.816100421533,84.38
0.200,0.004,12785.240234,0.000000,78.112000,8.000000,-0.049838,0.052184,0.349022,52.559666,-1.392611,45.164688211911,8.816078687337,84.39
0.300,0.007,12839.599609,0.000000,78.306000,8.000000,-0.029992,0.050909,0.337907,52.682274,-0.914993,45.164700186194,8.816056618286,84.40
0.400,0.009,12896.000000,0.000000,78.412003,8.000000,0.002078,0.049597,0.332177,52.746906,-0.113769,45.164712300159,8.816034258601,84.42
0.500,0.011,12896.839844,0.000000,78.612000,8.000000,0.048513,0.047570,0.326792,52.735218,1.063774,45.164724434637,8.816011879041,84.43
0.600,0.013,12912.639648,0.000000,78.806000,8.000000,0.114400,0.043746,0.326792,52.530098,2.758812,45.164736474825,8.815989850393,84.45
0.700,0.015,12958.980469,0.000000,78.905998,8.000000,0.194791,0.039807,0.327135,52.151028,4.819169,45.164748644545,8.815967892654,84.46
0.800,0.017,13035.679688,0.000000,79.005997,8.000000,0.287216,0.033957,0.332865,51.562946,7.220550,45.164761102916,8.815945880190,84.47
0.900,0.020,13015.629883,0.000000,79.113998,8.000000,0.391297,0.026188,0.338652,50.711185,9.938432,45.164774007258,8.815923703456,84.48
1.000,0.022,13025.259766,0.000000,79.303505,8.000000,0.500413,0.017769,0.344381,49.599304,12.758988,45.164787050540,8.815902048064,84.50
1.100,0.024,13044.099609,0.000000,79.353508,8.000000,0.611129,0.007527,0.349710,48.159916,15.597651,45.164800334644,8.815881211494,84.51
1.200,0.026,13074.309570,0.000000,79.406998,8.000000,0.719072,-0.003263,0.349710,46.456173,18.382454,45.164814064473,8.815860932140,84.52
1.300,0.028,13104.089844,0.000000,79.493004,8.000000,0.821101,-0.013460,0.349309,44.478207,21.006830,45.164828379746,8.815841108649,84.54
1.400,0.031,13093.049805,0.000000,79.393005,8.000000,0.914756,-0.023568,0.343178,42.239086,23.462755,45.164843281268,8.815821883176,84.56
1.500,0.033,13105.879883,0.000000,79.293007,8.000000,0.998449,-0.032357,0.331318,39.773193,25.634037,45.164858677664,8.815803503058,84.58
1.600,0.035,13091.000000,0.000000,79.193001,8.000000,1.067159,-0.039323,0.313728,37.114895,27.405622,45.164874482593,8.815786574654,84.60
1.700,0.037,13090.089844,0.000000,79.093002,8.000000,1.125123,-0.045562,0.290409,34.296978,28.946423,45.164890838403,8.815770787618,84.61
1.800,0.039,13073.940430,0.000000,78.986000,8.000000,1.173572,-0.049979,0.262162,31.330889,30.236721,45.164907837676,8.815756020529,84.63
1.900,0.042,13017.059570,0.000000,78.786003,8.070000,1.213144,-0.053713,0.238843,28.229698,31.297840,45.164925425550,8.815742385551,84.64
2.000,0.044,12981.429688,0.000000,78.585999,9.000000,1.244475,-0.056173,0.210997,25.030186,32.136192,45.164943442591,8.815730063951,84.66
2.100,0.046,13023.919922,0.000000,78.386002,9.000000,1.268425,-0.057359,0.193808,21.794693,32.838634,45.164961672890,8.815719616282,84.69
2.200,0.048,12981.250000,0.000000,78.186005,9.000000,1.288463,-0.057270,0.177422,18.500301,33.426495,45.164980263660,8.815710703473,84.71
2.300,0.050,12951.910156,0.000000,77.986000,9.000000,1.303446,-0.055906,0.172093,15.126496,33.899757,45.164999304632,8.815703189176,84.74
2.400,0.053,12871.000000,0.000000,77.786003,9.000000,1.314057,-0.053357,0.172494,11.686344,34.260033,45.165018707956,8.815697135225,84.77
2.500,0.055,12865.480469,0.000000,77.584000,9.000000,1.321527,-0.050935,0.178739,8.183166,34.530468,45.165038467983,8.815692606136,84.81
2.600,0.057,12804.559570,0.000000,77.391998,9.000000,1.325784,-0.050450,0.190198,4.768795,34.711979,45.165057868636,8.815690078092,84.83
2.700,0.059,12836.000000,0.000000,77.292000,9.000000,1.327390,-0.051674,0.201199,1.766496,34.865074,45.165077294327,8.815689250653,84.86
2.800,0.061,12856.120117,0.000000,77.184006,9.000000,1.325019,-0.052209,0.207387,2.195527,34.920994,45.165096849569,8.815689981087,84.87
2.900,0.063,12814.679688,0.000000,76.984001,9.000000,1.316709,-0.051368,0.217930,5.713488,34.810986,45.165116427766,8.815692275107,84.87
3.000,0.065,12713.799805,0.000000,76.792000,9.000000,1.299348,-0.047774,0.217930,9.221365,34.455296,45.165135819789,8.815696118110,84.88
3.100,0.068,12647.120117,0.000000,76.676003,9.000000,1.264091,-0.039182,0.217471,12.605942,33.654987,45.165154638522,8.815701717623,84.90
3.200,0.070,12564.639648,0.000000,76.391998,9.000000,1.210199,-0.026818,0.211283,15.896094,32.300976,45.165173148489,8.815708861415,84.90
3.300,0.072,12523.280273,0.000000,76.288002,9.000000,1.135964,-0.011370,0.199366,19.054695,30.351084,45.165191513769,8.815717403743,84.90
3.400,0.074,12494.480469,0.000000,76.138000,9.000000,1.042278,0.005736,0.182177,22.014826,27.814486,45.165209673805,8.815727253673,84.90
3.500,0.076,12521.160156,0.000000,76.015999,9.000000,0.933219,0.021312,0.164530,24.717810,24.814938,45.165227481097,8.815738257978,84.91
3.600,0.078,12502.320313,0.000000,76.216003,9.000000,0.816308,0.032376,0.141612,26.984890,21.594456,45.165244646953,8.815750305051,84.91
3.700,0.080,12529.000000,0.000000,76.408005,9.000000,0.704318,0.038443,0.118693,28.946238,18.524321,45.165261506485,8.815763277558,84.91
3.800,0.082,12530.839844,0.000000,76.515999,9.000000,0.602882,0.040738,0.095775,30.646778,15.761286,45.165278271241,8.815777089594,84.91
3.900,0.085,12554.240234,0.000000,76.708008,9.000000,0.516206,0.040050,0.073315,32.119053,13.416286,45.165294920468,8.815791626788,84.91
4.000,0.087,12582.799805,0.000000,76.808006,9.000000,0.445769,0.038724,0.056585,33.374516,11.561736,45.165311342763,8.815806709408,84.91
4.100,0.089,12617.879883,0.000000,76.909004,9.000000,0.393617,0.036793,0.045527,34.441593,10.256767,45.165327470823,8.815822276796,84.91
4.200,0.091,12647.000000,0.000000,77.017998,9.000000,0.348597,0.034996,0.040313,35.395908,9.117040,45.165343272057,8.815838126332,84.90
4.300,0.093,12647.990234,0.000000,77.209007,9.000000,0.305781,0.034358,0.040828,36.258556,8.035754,45.165359085705,8.815854468733,84.89
4.400,0.095,12660.610352,0.000000,77.309006,9.000000,0.261404,0.033778,0.047074,37.027466,6.898318,45.165374878564,8.815871226889,84.88
4.500,0.097,12687.719727,0.000000,77.409004,9.000000,0.212452,0.033778,0.059048,37.675594,5.600454,45.165390539162,8.815888239913,84.88
4.600,0.100,12696.709961,0.000000,77.509003,9.000000,0.158222,0.033836,0.075722,38.144505,4.152474,45.165405874084,8.815905258666,84.88
4.700,0.102,12715.080078,0.000000,77.617996,9.000000,0.103584,0.034473,0.086665,38.475903,2.668972,45.165421147087,8.815922460422,84.88
4.800,0.104,12727.080078,0.000000,77.809006,9.000000,0.051260,0.035225,0.092395,38.670822,1.262476,45.165436539996,8.815939929592,84.89
4.900,0.106,12739.889648,0.000000,77.909004,9.000000,0.005653,0.037194,0.097093,38.739693,0.028783,45.165452028495,8.815957583422,84.89
5.000,0.108,12761.879883,0.000000,78.009003,9.000000,-0.029240,0.039916,0.090848,38.686634,-0.894596,45.165467507649,8.815975256244,84.87
5.100,0.110,12794.780273,0.000000,78.117996,9.000000,-0.048602,0.044377,0.079388,38.557491,-1.392840,45.165482812465,8.815992668615,84.85
5.200,0.113,12836.059570,0.000000,78.318001,9.000000,-0.056549,0.048723,0.067414,38.397064,-1.572290,45.165498175271,8.816010067243,84.83
5.300,0.115,12869.969727,0.000000,78.517998,9.000000,-0.054007,0.051853,0.050225,38.238701,-1.464116,45.165513744507,8.816027611427,84.81
5.400,0.117,12903.870117,0.000000,78.718002,9.000000,-0.044683,0.054230,0.034067,38.103249,-1.178783,45.165529476824,8.816045255291,84.80
5.500,0.119,12946.330078,0.000000,78.917999,9.000000,-0.031356,0.054695,0.029369,37.994850,-0.791234,45.165545246181,8.816062868059,84.79
5.600,0.121,12982.160156,0.000000,79.117996,9.000000,-0.019069,0.053248,0.036130,37.950043,-0.436917,45.165560854123,8.816080230935,84.79
5.700,0.124,13007.200195,0.000000,79.320000,9.000000,-0.011918,0.049903,0.055210,37.917614,-0.223777,45.165576672006,8.816097788244,84.79
5.800,0.126,13039.099609,0.000000,79.510002,9.000000,-0.010771,0.045378,0.091306,37.906155,-0.198567,45.165592531512,8.816115361579,84.79
5.900,0.128,13068.599609,0.000000,79.619995,9.000000,-0.017208,0.040343,0.144018,37.891254,-0.377329,45.165608537010,8.816133067260,84.79
6.000,0.130,13084.700195,0.000000,79.810005,9.000000,-0.030464,0.036009,0.208762,37.840836,-0.734855,45.165624561615,8.816150759608,84.80
6.100,0.132,13101.500000,0.000000,79.910004,9.000000,-0.048309,0.032950,0.289549,37.743435,-1.216140,45.165640415076,8.816168192276,84.81
6.200,0.135,13116.599609,0.000000,80.010002,9.000000,-0.065899,0.031165,0.375493,37.591026,-1.690549,45.165656326075,8.816185597511,84.84
6.300,0.137,13133.000000,0.000000,80.110001,9.000000,-0.080621,0.030719,0.460864,37.403095,-2.089327,45.165672448290,8.816203124972,84.89
6.400,0.139,13151.000000,0.000000,80.210007,9.000000,-0.089480,0.032057,0.539359,37.172768,-2.343721,45.165688732794,8.816220707294,84.95
6.500,0.141,13152.000000,0.000000,80.310005,9.000000,-0.091073,0.033969,0.600665,36.932129,-2.384973,45.165705051250,8.816238197351,85.01
6.600,0.144,13162.200195,0.000000,80.419998,9.000000,-0.083617,0.036009,0.643637,36.696064,-2.167250,45.165721203143,8.816255355953,85.09
6.700,0.146,13175.200195,0.000000,80.610001,9.000000,-0.071826,0.039195,0.659107,36.503551,-1.837226,45.165737415267,8.816272452417,85.15
6.800,0.148,13197.500000,0.000000,80.720001,9.000000,-0.057168,0.042446,0.656242,36.336250,-1.426988,45.165753829686,8.816289677251,85.21
6.900,0.150,13222.200195,0.000000,80.910004,9.000000,-0.042764,0.046334,0.625876,36.213634,-1.044252,45.165770393170,8.816306991469,85.25
7.000,0.152,13244.400391,0.000000,81.020004,9.000000,-0.031101,0.050795,0.578893,36.125401,-0.737147,45.165786975048,8.816324273399,85.28
7.100,0.155,13271.900391,0.000000,81.220001,9.000000,-0.023899,0.054937,0.521024,36.069252,-0.562968,45.165803366700,8.816341323323,85.29
7.200,0.157,13325.000000,0.000000,81.410004,9.000000,-0.020904,0.055702,0.457426,36.023415,-0.480462,45.165819811202,8.816358401787,85.28
7.300,0.159,13327.799805,0.000000,81.520004,9.000000,-0.019821,0.051050,0.389817,35.977577,-0.485045,45.165836460136,8.816375672050,85.27
7.400,0.162,13357.400391,0.000000,81.733002,9.000000,-0.020534,0.037628,0.332578,35.930023,-0.528819,45.165853428248,8.816393246492,85.25
7.500,0.164,13394.759766,0.000000,81.988998,9.000000,-0.021599,0.012651,0.282903,35.872726,-0.549217,45.165870239363,8.816410624852,85.22
7.600,0.166,13404.049805,0.000000,81.911003,9.000000,-0.020681,-0.030177,0.249786,35.816692,-0.544175,45.165886831178,8.816427741791,85.20
7.700,0.168,13322.860352,0.000000,81.967003,9.000000,-0.017074,-0.085681,0.228759,35.770855,-0.485733,45.165903410141,8.816444795856,85.16
7.800,0.171,12943.360352,0.000000,81.623001,9.000000,-0.009292,-0.152804,0.223659,35.727539,-0.307658,45.165920086676,8.816461925636,85.12
7.900,0.173,12536.190430,0.000000,80.901001,9.000000,0.005570,-0.227154,0.224920,35.707142,0.035888,45.165936761692,8.816479037414,85.08
8.000,0.175,12263.540039,0.000000,79.968002,9.000000,0.029132,-0.304347,0.236379,35.718487,0.610908,45.165953258251,8.816495962200,85.04
8.100,0.177,11978.860352,0.000000,78.723999,9.000000,0.069972,-0.375880,0.248468,35.832962,1.633982,45.165969249304,8.816512423449,85.01
8.200,0.179,11702.769531,0.000000,77.112999,9.000000,0.128867,-0.436935,0.265027,36.059395,3.217179,45.165984901382,8.816528664814,84.97
8.300,0.182,11409.219727,0.000000,75.413002,9.000000,0.207449,-0.485104,0.275856,36.474216,5.442088,45.166000321675,8.816544889438,84.95
8.400,0.184,11103.849609,0.000000,73.668999,9.000000,0.304940,-0.519112,0.281585,37.124523,8.311232,45.166015395702,8.816561076931,84.93
8.500,0.186,10729.610352,0.000000,71.591003,9.000000,0.419148,-0.537754,0.287315,38.080219,11.837442,45.166029943934,8.816577149276,84.90
8.600,0.188,10311.519531,0.000000,69.702003,9.000000,0.544701,-0.541163,0.293044,39.487976,15.916673,45.166043594553,8.816592999283,84.91
8.700,0.189,10162.000000,0.000000,67.902000,9.000000,0.669692,-0.535434,0.298774,41.299324,20.182001,45.166056503385,8.816608974491,84.95
8.800,0.191,10144.290039,0.000000,66.102005,9.000000,0.789025,-0.524319,0.305134,43.534660,24.455120,45.166068796665,8.816625305147,84.98
8.900,0.193,9973.059570,0.000000,64.334999,8.890000,0.897669,-0.511145,0.317223,46.191467,28.588436,45.166080371226,8.816641989864,85.02
9.000,0.195,9693.959961,0.000000,62.771999,8.000000,0.991776,-0.500630,0.333896,49.280739,32.399063,45.166091172443,8.816659107999,85.05
9.100,0.196,9265.759766,0.000000,60.920002,8.120000,1.065910,-0.498769,0.345355,52.708405,35.754307,45.166100643258,8.816676170364,85.08
9.200,0.198,8938.879883,0.000000,59.396004,9.000000,1.131809,-0.502032,0.356127,56.438126,39.019703,45.166108994209,8.816693559451,85.09
9.300,0.200,8611.200195,0.000000,57.672001,9.000000,1.194904,-0.505320,0.360482,60.502922,42.393284,45.166116375457,8.816711333519,85.08
9.400,0.201,8292.559570,0.000000,55.771999,9.000000,1.258228,-0.503306,0.354064,64.922943,46.007042,45.166122703199,8.816729372884,85.06
9.500,0.203,8153.479980,0.000000,53.896004,9.000000,1.323082,-0.488597,0.341918,69.706459,49.927910,45.166127875450,8.816747476393,85.03
9.600,0.204,8195.679688,0.000000,52.208000,9.000000,1.386049,-0.452601,0.324041,74.908447,54.002781,45.166131588183,8.816765310308,85.03
9.700,0.206,8318.000000,0.000000,50.632000,9.000000,1.442108,-0.398734,0.300436,80.491356,57.818218,45.166133895566,8.816783019441,85.01
9.800,0.207,8305.040039,0.000000,49.268002,9.000000,1.487180,-0.332325,0.272475,86.468445,61.127628,45.166134963125,8.816800688095,84.98
9.900,0.208,8202.799805,0.000000,48.239998,9.000000,1.519913,-0.260614,0.248869,92.775574,63.741230,45.166134763192,8.816818162542,84.95
10.000,0.210,8150.240234,0.000000,47.716000,9.000000,1.538777,-0.193287,0.221597,99.292625,65.587532,45.166133284371,8.816835212240,84.93
10.100,0.211,8146.000000,0.000000,47.088001,8.880000,1.546043,-0.143346,0.204408,105.879807,66.657356,45.166130372264,8.816851404952,84.91
10.200,0.212,8102.000000,0.000000,46.976002,8.000000,1.550428,-0.106892,0.187219,112.552696,67.488838,45.166126080709,8.816866809042,84.90
10.300,0.214,8103.439941,0.000000,46.751999,8.000000,1.554099,-0.079385,0.170718,119.350273,68.182800,45.166120599020,8.816881487378,84.89
10.400,0.215,8114.000000,0.000000,46.364002,8.120000,1.556419,-0.055804,0.159946,126.255554,68.725502,45.166113992268,8.816895246205,84.87
10.500,0.216,8117.720215,0.000000,46.088001,9.000000,1.555832,-0.031688,0.154904,133.197525,68.977608,45.166106366904,8.816907842106,84.85
10.600,0.217,8144.609863,0.000000,46.013000,9.000000,1.544437,-0.002702,0.154904,140.102570,68.618706,45.166097703414,8.816918847957,84.85
10.700,0.219,8135.370117,0.000000,46.112999,9.000000,1.519670,0.030770,0.155649,146.895905,67.460190,45.166088208847,8.816928103602,84.86
10.800,0.220,8082.549805,0.000000,46.226002,9.000000,1.481132,0.066212,0.161379,153.578659,65.505486,45.166077950698,8.816935936709,84.86
10.900,0.221,8022.100098,0.000000,46.413002,9.000000,1.430815,0.099244,0.167108,160.087555,62.830227,45.166067053463,8.816942267430,84.87
11.000,0.223,8009.390137,0.000000,46.577999,9.000000,1.371850,0.125629,0.172093,166.298660,59.706459,45.166055687590,8.816947020107,84.88
11.100,0.224,8110.310059,0.000000,47.152000,9.000000,1.311495,0.140014,0.170603,172.012421,56.425018,45.166044068714,8.816949929439,84.86
11.200,0.225,8199.650391,0.000000,47.577999,9.000000,1.257597,0.147884,0.158399,176.830887,53.476349,45.166032168604,8.816951097286,84.85
11.300,0.227,8312.969727,0.000000,48.178001,9.000000,1.210709,0.152900,0.138976,176.750336,50.937229,45.166020015213,8.816950802152,84.85
11.400,0.228,8475.599609,0.000000,48.752003,9.000000,1.170666,0.157610,0.103854,172.310364,48.772827,45.166007725915,8.816949062222,84.86
11.500,0.229,8585.719727,0.000000,49.191002,9.000000,1.135365,0.164646,0.063747,167.488922,46.847687,45.165995461559,8.816945912382,84.90
11.600,0.231,8640.120117,0.000000,49.864998,9.000000,1.096992,0.176698,0.022895,162.943542,44.859982,45.165983469808,8.816941243866,84.99
11.700,0.232,8748.000000,0.000000,50.390999,9.000000,1.047121,0.192879,-0.022197,158.605896,42.373116,45.165971640059,8.816935085521,85.03
11.800,0.233,8750.990234,0.000000,51.104000,9.000000,0.981152,0.210725,-0.060814,154.494919,39.255539,45.165959878849,8.816927643111,85.03
11.900,0.235,8785.950195,0.000000,51.877998,9.000000,0.897809,0.227990,-0.088717,150.680862,35.427490,45.165948246983,8.816919001848,85.00
12.000,0.236,8899.519531,0.000000,52.530003,9.000000,0.796233,0.240213,-0.109401,147.272217,30.906853,45.165936838331,8.816909298864,84.95
12.100,0.238,9008.200195,0.000000,53.504002,9.000000,0.679992,0.243929,-0.113641,144.504379,25.902639,45.165925809037,8.816898649214,84.82
12.200,0.239,9145.990234,0.000000,54.304001,9.000000,0.562584,0.242074,-0.106422,142.211853,21.030893,45.165914955197,8.816887064129,84.74
12.300,0.241,9270.639648,0.000000,55.112000,9.000000,0.448701,0.236013,-0.088259,140.335205,16.402542,45.165903994684,8.816874564492,84.71
12.400,0.242,9395.519531,0.000000,55.897999,9.000000,0.346143,0.228098,-0.065341,138.877136,12.350584,45.165893157513,8.816861528975,84.73
12.500,0.244,9514.360352,0.000000,56.612000,9.000000,0.258498,0.218538,-0.043225,137.805481,9.021470,45.165882388839,8.816848019042,84.81
12.600,0.246,9648.160156,0.000000,57.411999,9.000000,0.190177,0.209067,-0.026036,137.078033,6.564627,45.165871775895,8.816834248631,84.90
12.700,0.247,9815.000000,0.000000,58.198002,9.000000,0.134067,0.200413,-0.010451,136.550446,4.556525,45.165861128618,8.816820104670,84.93
12.800,0.249,9830.120117,0.000000,58.897999,9.000000,0.086523,0.193491,-0.005524,136.181702,2.918782,45.165850319993,8.816805559329,84.92
12.900,0.251,9939.099609,0.000000,59.584000,9.000000,0.045174,0.187564,-0.007128,135.957108,1.520307,45.165839380794,8.816790706433,84.90
13.000,0.252,10055.080078,0.000000,60.198002,9.000000,0.008655,0.184913,-0.018587,135.853516,0.275842,45.165828380969,8.816775690723,84.87
13.100,0.254,10172.179688,0.000000,60.883999,9.000000,-0.024499,0.185818,-0.030849,135.902328,-0.847613,45.165817414231,8.816760710152,84.83
13.200,0.256,10269.259766,0.000000,61.484001,9.000000,-0.053012,0.188724,-0.046433,136.049469,-1.807432,45.165806303047,8.816745575692,84.86
13.300,0.257,10418.879883,0.000000,62.098000,9.000000,-0.075523,0.193823,-0.051361,136.266968,-2.571070,45.165794927540,8.816730184875,84.91
13.400,0.259,10514.799805,0.000000,62.812000,9.000000,-0.090117,0.198832,-0.050558,136.559860,-3.046854,45.165783326070,8.816714611681,84.98
13.500,0.261,10634.099609,0.000000,63.598000,9.000000,-0.094706,0.202758,-0.043225,136.888977,-3.146320,45.165771581094,8.816698982188,85.06
13.600,0.263,10749.240234,0.000000,64.312004,9.000000,-0.087262,0.202949,-0.025234,137.191940,-2.842423,45.165759793591,8.816683476428,85.10
13.700,0.264,10862.019531,0.000000,65.098000,9.000000,-0.072527,0.199954,-0.002315,137.449097,-2.338679,45.165747805578,8.816667862470,85.11
13.800,0.266,10955.580078,0.000000,65.798004,9.000000,-0.053140,0.193861,0.018197,137.655594,-1.684132,45.165735532039,8.816651987063,85.10
13.900,0.268,11053.250000,0.000000,66.489998,9.000000,-0.031802,0.185493,0.023124,137.785873,-0.950287,45.165722912160,8.816635746926,85.09
14.000,0.270,11150.650391,0.000000,67.089996,9.000000,-0.010898,0.177303,0.018827,137.854050,-0.286802,45.165710310184,8.816619581783,85.09
14.100,0.272,11258.200195,0.000000,67.690002,9.000000,0.004908,0.170038,-0.012399,137.847183,0.212817,45.165697747328,8.816603486938,85.08
14.200,0.274,11346.049805,0.000000,68.275002,9.000000,0.015519,0.165322,-0.061674,137.797913,0.529090,45.165685064813,8.816587221343,85.06
14.300,0.276,11448.799805,0.000000,68.790001,9.000000,0.020394,0.163059,-0.132148,137.729156,0.662016,45.165672153699,8.816570637935,85.04
14.400,0.278,11612.000000,0.000000,69.389999,9.000000,0.019916,0.162517,-0.214081,137.660400,0.625347,45.165659078139,8.816553812276,85.02
14.500,0.280,11625.349609,0.000000,69.989998,9.000000,0.016156,0.162613,-0.305754,137.596786,0.493566,45.165645942877,8.816536876636,84.99
14.600,0.282,11717.349609,0.000000,70.574997,9.000000,0.009050,0.163059,-0.396568,137.564148,0.264383,45.165632881651,8.816520009147,84.95
14.700,0.284,11822.750000,0.000000,71.089996,9.000000,0.001307,0.162231,-0.479933,137.544662,0.035200,45.165619710212,8.816502977485,84.91
14.800,0.286,11907.599609,0.000000,71.690002,9.000000,-0.006883,0.160127,-0.546969,137.548096,-0.193983,45.165606303707,8.816485638576,84.87
14.900,0.288,11990.250000,0.000000,72.290001,9.000000,-0.014626,0.156654,-0.601686,137.574448,-0.419728,45.165592724065,8.816468079738,84.83
15.000,0.290,12065.099609,0.000000,72.875000,9.000000,-0.023007,0.151269,-0.638356,137.625443,-0.629431,45.165579077581,8.816450446684,84.81
15.100,0.292,12137.900391,0.000000,73.375000,9.000000,-0.032121,0.144258,-0.653826,137.707367,-0.862052,45.165565504149,8.816432939727,84.78
15.200,0.294,12204.799805,0.000000,73.875000,9.000000,-0.042605,0.137056,-0.656977,137.802490,-1.127904,45.165551812994,8.816415326092,84.76
15.300,0.296,12281.900391,0.000000,74.360001,9.000000,-0.055001,0.128771,-0.642939,137.923965,-1.475117,45.165537873182,8.816397461479,84.74
15.400,0.298,12372.000000,0.000000,74.760002,9.000000,-0.069500,0.120486,-0.614292,138.089539,-1.852123,45.165523748593,8.816379441221,84.73
15.500,0.300,12380.480469,0.000000,75.164001,9.000000,-0.087491,0.112118,-0.583524,138.295456,-2.310260,45.165509406570,8.816361244356,84.72
15.600,0.302,12434.120117,0.000000,75.564003,9.000000,-0.109339,0.103833,-0.542500,138.556717,-2.878634,45.165495267426,8.816343460804,84.72
15.700,0.304,12489.679688,0.000000,75.948006,9.000000,-0.136387,0.095650,-0.496663,138.875305,-3.565267,45.165480981862,8.816325690453,84.72
15.800,0.306,12535.599609,0.000000,76.248001,9.000000,-0.169375,0.087900,-0.449910,139.258484,-4.400410,45.165466406503,8.816307792837,84.73
15.900,0.308,12572.679688,0.000000,76.531998,9.000000,-0.209781,0.079614,-0.399260,139.742981,-5.445485,45.165451601972,8.816289886955,84.73
16.000,0.310,12621.000000,0.000000,76.748001,9.000000,-0.260563,0.071227,-0.353424,140.331985,-6.741745,45.165436670559,8.816272150322,84.74
16.100,0.313,12668.280273,0.000000,77.031998,9.000000,-0.325799,0.061999,-0.308504,141.091034,-8.404697,45.165421732890,8.816254864304,84.75
16.200,0.315,12700.799805,0.000000,77.232002,9.000000,-0.404215,0.050858,-0.268397,142.019684,-10.430676,45.165406535514,8.816237889583,84.76
16.300,0.317,12730.959961,0.000000,77.416000,9.000000,-0.494435,0.038010,-0.229207,143.169724,-12.793096,45.165390922985,8.816221111101,84.78
16.400,0.319,12769.799805,0.000000,77.531998,9.000000,-0.594647,0.024422,-0.194829,144.562241,-15.442451,45.165374945090,8.816204699108,84.79
16.500,0.321,12841.799805,0.000000,77.684006,9.000000,-0.702865,0.009764,-0.162285,146.223358,-18.302658,45.165358701046,8.816188878328,84.81
16.600,0.323,12870.360352,0.000000,77.615997,9.000000,-0.813249,-0.004793,-0.140284,148.225067,-21.244453,45.165342304232,8.816174036558,84.83
16.700,0.326,12891.360352,0.000000,77.684006,9.000000,-0.919937,-0.018406,-0.123095,150.493973,-24.079905,45.165325480530,8.816160187505,84.84
16.800,0.328,12907.400391,0.000000,77.584007,9.000000,-1.019538,-0.029674,-0.107740,153.043854,-26.724678,45.165308112457,8.816147197210,84.86
16.900,0.330,12903.639648,0.000000,77.484001,9.000000,-1.108202,-0.039463,-0.102927,155.844009,-29.121935,45.165290287904,8.816135245755,84.88
17.000,0.332,12919.679688,0.000000,77.384003,9.000000,-1.184273,-0.046907,-0.103843,158.873810,-31.153416,45.165272157791,8.816124534302,84.89
17.100,0.334,12866.480469,0.000000,77.283005,9.000000,-1.243474,-0.053019,-0.109630,162.103119,-32.750134,45.165253735420,8.816115353763,84.90
17.200,0.336,12820.000000,0.000000,77.166000,9.000000,-1.290489,-0.057047,-0.114386,165.438187,-34.055557,45.165235167357,8.816107985543,84.91
17.300,0.338,12812.349609,0.000000,76.966003,9.000000,-1.325720,-0.058417,-0.115360,168.908813,-35.085968,45.165216193704,8.816102062420,84.92
17.400,0.341,12767.690430,0.000000,76.749001,9.000000,-1.350754,-0.056817,-0.120115,172.493820,-35.837460,45.165196963701,8.816097673161,84.93
17.500,0.343,12728.769531,0.000000,76.466003,9.000000,-1.364833,-0.053197,-0.118167,176.114700,-36.279324,45.165177682215,8.816094893027,84.94
17.600,0.345,12701.440430,0.000000,76.283005,9.000000,-1.365011,-0.047245,-0.106708,178.764847,-36.366184,45.165158625613,8.816093929275,84.94
17.700,0.347,12645.000000,0.000000,76.183006,9.000000,-1.354992,-0.040126,-0.095249,176.648453,-36.159000,45.165139625674,8.816094908415,84.95
17.800,0.349,12640.580078,0.000000,76.066002,9.000000,-1.335210,-0.032586,-0.081842,173.042709,-35.680695,45.165120548629,8.816097498707,84.96
17.900,0.351,12618.150391,0.000000,75.883003,9.000000,-1.307779,-0.025901,-0.059898,169.467697,-34.961979,45.165101547087,8.816101671691,84.97
18.000,0.353,12606.349609,0.000000,75.783005,9.000000,-1.273568,-0.021669,-0.043683,165.980911,-34.071602,45.165082819484,8.816107361911,84.99
18.100,0.355,12566.790039,0.000000,75.682999,9.000000,-1.237566,-0.021994,-0.034172,162.661865,-33.097801,45.165064647869,8.816114578156,85.01
18.200,0.357,12559.570313,0.000000,75.591499,9.000000,-1.203584,-0.023581,-0.035146,159.428665,-32.200554,45.165046875353,8.816123460477,85.03
18.300,0.360,12575.299805,0.000000,75.541504,9.000000,-1.172151,-0.023039,-0.042823,156.250809,-31.410099,45.165029300292,8.816133745403,85.04
18.400,0.362,12559.009766,0.000000,75.466003,9.000000,-1.142942,-0.018986,-0.061960,153.120728,-30.680609,45.165012048443,8.816145341466,85.05
18.500,0.364,12509.459961,0.000000,75.305672,9.000000,-1.113179,-0.009617,-0.093530,150.063553,-29.942869,45.164995284793,8.816158113523,85.04
18.600,0.366,12457.830078,0.000000,75.339005,9.000000,-1.076610,0.005583,-0.139367,147.143661,-29.021322,45.164979265987,8.816171963823,85.04
18.700,0.368,12462.099609,0.000000,75.372337,9.000000,-1.031009,0.023428,-0.186177,144.309784,-27.794048,45.164963825133,8.816187097176,85.03
18.800,0.370,12488.620117,0.000000,75.436005,9.000000,-0.975448,0.040993,-0.238259,141.568420,-26.225060,45.164948561485,8.816203548325,85.01
18.900,0.372,12493.480469,0.000000,75.636002,9.000000,-0.912710,0.055485,-0.290857,138.998138,-24.450266,45.164933855236,8.816220860202,85.00
19.000,0.374,12484.519531,0.000000,75.836006,9.000000,-0.847053,0.064370,-0.347121,136.620377,-22.549879,45.164919656610,8.816238989296,84.99
19.100,0.376,12504.099609,0.000000,76.036003,9.000000,-0.790127,0.063337,-0.397656,134.504318,-20.853008,45.164906132008,8.816257717506,84.97
19.200,0.378,12556.839844,0.000000,76.236008,9.000000,-0.750689,0.056798,-0.442461,132.522797,-19.680965,45.164893126480,8.816277301284,84.96
19.300,0.381,12644.120117,0.000000,76.417999,9.000000,-0.733494,0.046142,-0.481537,130.601776,-19.144218,45.164880411781,8.816297723416,84.93
19.400,0.383,12706.339844,0.000000,76.517998,8.820000,-0.741040,0.033166,-0.514883,128.695435,-19.313814,45.164868076079,8.816318851635,84.90
19.500,0.385,12672.759766,0.000000,76.617996,8.000000,-0.773378,0.019489,-0.541469,126.747612,-20.191584,45.164856241705,8.816340503617,84.87
19.600,0.387,12656.559570,0.000000,76.718002,8.000000,-0.830138,0.007725,-0.557626,124.665489,-21.776615,45.164845117926,8.816362477150,84.84
19.700,0.389,12656.120117,0.000000,76.795502,8.000000,-0.896815,-0.002129,-0.567023,122.407349,-23.611914,45.164834691866,8.816385143189,84.82
19.800,0.391,12686.879883,0.000000,76.770500,8.000000,-0.968080,-0.009955,-0.565991,119.950264,-25.559971,45.164824817272,8.816408619439,84.80
19.900,0.393,12700.179688,0.000000,76.745499,8.000000,-1.038020,-0.015347,-0.560262,117.281662,-27.479151,45.164815615336,8.816432779152,84.79
20.000,0.396,12706.219727,0.000000,76.720505,8.000000,-1.102122,-0.019171,-0.554532,114.435890,-29.204897,45.164807220092,8.816457423720,84.78
20.100,0.398,12718.660156,0.000000,76.691002,8.180000,-1.154688,-0.022994,-0.547771,111.447350,-30.611624,45.164799855672,8.816482304110,84.74
20.200,0.400,12667.000000,0.000000,76.640999,9.000000,-1.198676,-0.026818,-0.536312,108.340088,-31.812086,45.164793609859,8.816507767205,84.69
20.300,0.402,12666.099609,0.000000,76.563995,9.000000,-1.235654,-0.030528,-0.524853,105.099434,-32.810410,45.164788280359,8.816533903273,84.65
20.400,0.404,12660.099609,0.000000,76.381004,9.000000,-1.265863,-0.033746,-0.513279,101.718414,-33.640739,45.164783909008,8.816560781326,84.61
20.500,0.406,12657.129883,0.000000,76.281006,9.000000,-1.288749,-0.036812,-0.500731,98.308510,-34.312016,45.164780652321,8.816587588586,84.59
20.600,0.408,12670.830078,0.000000,76.181000,9.000000,-1.304625,-0.038998,-0.482454,94.864227,-34.785736,45.164778595101,8.816614235504,84.56
20.700,0.410,12634.669922,0.000000,76.081001,9.000000,-1.313369,-0.039029,-0.458447,91.383392,-35.090321,45.164777887963,8.816640978321,84.53
20.800,0.413,12615.129883,0.000000,75.961998,9.000000,-1.314223,-0.035875,-0.427622,87.858910,-35.184284,45.164778284463,8.816667972083,84.48
20.900,0.415,12570.629883,0.000000,75.762001,9.000000,-1.305912,-0.029654,-0.386426,84.308739,-35.031651,45.164779786516,8.816694987374,84.44
21.000,0.417,12609.629883,0.000000,75.590500,9.000000,-1.287041,-0.021490,-0.338412,80.796165,-34.549450,45.164782372053,8.816721742458,84.41
21.100,0.419,12502.969727,0.000000,75.540504,9.000000,-1.257151,-0.014206,-0.281117,77.417320,-33.739742,45.164786058364,8.816747868227,84.36
21.200,0.421,12475.280273,0.000000,75.493668,9.000000,-1.221856,-0.008954,-0.224909,74.109413,-32.782673,45.164790993049,8.816773584244,84.32
21.300,0.423,12482.719727,0.000000,75.460335,9.000000,-1.185649,-0.006252,-0.173343,70.879524,-31.760059,45.164796945948,8.816799167986,84.30
21.400,0.425,12469.580078,0.000000,75.427002,9.000000,-1.150928,-0.006220,-0.123954,67.724930,-30.805054,45.164803857607,8.816824417397,84.31
21.500,0.427,12463.169922,0.000000,75.393669,9.000000,-1.122274,-0.009133,-0.087113,64.675652,-30.036602,45.164811641431,8.816849083593,84.32
21.600,0.429,12494.389648,0.000000,75.360336,9.000000,-1.102848,-0.013231,-0.064195,61.727905,-29.544319,45.164820229202,8.816872818790,84.33
21.700,0.431,12475.009766,0.000000,75.327003,9.000000,-1.088158,-0.015053,-0.043454,58.817280,-29.217962,45.164829806149,8.816895790271,84.33
21.800,0.433,12466.929688,0.000000,75.280998,9.000000,-1.076049,-0.013052,-0.033083,55.906651,-28.961506,45.164840253849,8.816918311417,84.33
21.900,0.436,12504.809570,0.000000,75.181000,9.000000,-1.063092,-0.007348,-0.028442,53.000381,-28.660358,45.164851493771,8.816940211789,84.33
22.000,0.438,12496.000000,0.000000,75.120003,9.000000,-1.044954,0.001275,-0.027296,50.111298,-28.193283,45.164863517150,8.816961454960,84.34
22.100,0.440,12456.799805,0.000000,75.210007,9.000000,-1.020736,0.010197,-0.020421,47.374851,-27.501152,45.164875899100,8.816981244118,84.35
22.200,0.442,12427.599609,0.000000,75.260002,9.000000,-0.994096,0.015806,-0.007816,44.702576,-26.703594,45.164889052080,8.817000050953,84.37
22.300,0.444,12427.799805,0.000000,75.310005,9.000000,-0.969240,0.016953,0.011665,42.076138,-25.951874,45.164902990091,8.817018350733,84.38
22.400,0.446,12450.200195,0.000000,75.360008,9.000000,-0.951777,0.011217,0.042605,39.497826,-25.388083,45.164917583444,8.817035949876,84.40
22.500,0.448,12506.400391,0.000000,75.393333,9.000000,-0.948336,-0.001274,0.085003,36.972229,-25.268908,45.164932655673,8.817052638986,84.41
22.600,0.450,12482.799805,0.000000,75.360001,9.000000,-0.967838,-0.020777,0.137716,34.458092,-25.796028,45.164948043028,8.817068150614,84.44
22.700,0.452,12467.400391,0.000000,75.326668,9.000000,-1.004675,-0.041553,0.197303,31.852280,-26.877771,45.164963971705,8.817082487841,84.47
22.800,0.454,12489.599609,0.000000,75.240005,9.000000,-1.055788,-0.060291,0.266058,29.099791,-28.408716,45.164980476445,8.817095922696,84.50
22.900,0.456,12487.599609,0.000000,74.959999,9.000000,-1.115442,-0.072910,0.335959,26.163956,-30.219263,45.164997449195,8.817108278542,84.53
23.000,0.459,12473.599609,0.000000,74.740005,9.000000,-1.172928,-0.074184,0.409298,23.047066,-32.020645,45.165014735206,8.817119368733,84.57
23.100,0.461,12476.799805,0.000000,74.459999,9.000000,-1.209256,-0.060545,0.478052,19.772038,-33.239899,45.165032143337,8.817128895916,84.60
23.200,0.463,12408.400391,0.000000,74.260002,9.000000,-1.211805,-0.037347,0.545662,16.412214,-33.510330,45.165049909230,8.817136730826,84.64
23.300,0.465,12293.599609,0.000000,74.106667,9.000000,-1.171271,-0.010834,0.609833,13.059265,-32.556931,45.165068110578,8.817143264026,84.67
23.400,0.467,12215.400391,0.000000,74.139999,9.000000,-1.079879,0.012492,0.678588,9.820909,-30.118423,45.165086616032,8.817148486159,84.71
23.500,0.469,12231.599609,0.000000,74.173340,9.000000,-0.930873,0.021542,0.749635,6.912574,-25.988543,45.165105243007,8.817152435235,84.75
23.600,0.471,12187.000000,0.000000,74.220001,9.000000,-0.720939,0.003569,0.832140,4.639077,-20.153540,45.165123748094,8.817155164855,84.79
23.700,0.473,11967.000000,0.000000,74.258003,9.000000,-0.470822,-0.036735,0.925934,2.973145,-13.188436,45.165142504425,8.817156925826,84.85
23.800,0.475,11792.490234,0.000000,74.015999,9.000000,-0.196346,-0.092545,1.023336,2.004159,-5.486967,45.165161242988,8.817158246847,84.90
23.900,0.477,11136.000000,0.000000,73.532005,9.000000,0.092393,-0.156647,1.120739,1.787810,2.682724,45.165179986607,8.817159405903,84.96
24.000,0.479,11192.280273,0.000000,72.732002,9.000000,0.379768,-0.215727,1.212126,2.430211,10.902146,45.165198532280,8.817160671174,85.03
24.100,0.481,11460.910156,0.000000,71.911003,9.000000,0.646252,-0.254884,1.276068,4.000344,18.687496,45.165216604122,8.817162417094,85.08
24.200,0.483,11698.099609,0.000000,71.011002,9.000000,0.881041,-0.271098,1.314685,6.271320,25.727543,45.165234337566,8.817165138792,85.13
24.300,0.485,11759.799805,0.000000,70.111000,9.000000,1.076253,-0.265438,1.317722,9.187675,31.747271,45.165251916543,8.817168983558,85.18
24.400,0.487,11624.889648,0.000000,69.274002,9.000000,1.225782,-0.243005,1.283058,12.648111,36.462025,45.165269192474,8.817174074866,85.21
24.500,0.489,11485.969727,0.000000,68.632004,9.000000,1.325867,-0.211304,1.219746,16.503084,39.637585,45.165285985535,8.817180482998,85.24
24.600,0.491,11481.019531,0.000000,67.894997,9.000000,1.383404,-0.183695,1.131396,20.579451,41.538887,45.165302040428,8.817188327299,85.26
24.700,0.493,11281.030273,0.000000,67.394997,9.000000,1.422689,-0.161051,1.033993,24.802380,42.952717,45.165317413090,8.817197953610,85.28
24.800,0.494,11209.750000,0.000000,66.894997,9.000000,1.453115,-0.142065,0.937794,29.165222,44.148136,45.165332317439,8.817209131824,85.28
24.900,0.496,11076.980469,0.000000,66.394997,9.000000,1.479984,-0.123182,0.849730,33.667412,45.266323,45.165346591476,8.817221785678,85.29
25.000,0.498,10933.879883,0.000000,65.916000,9.000000,1.503100,-0.101984,0.778855,38.263103,46.313461,45.165360055694,8.817235788061,85.29
25.100,0.500,10896.530273,0.000000,65.557999,9.000000,1.515923,-0.077231,0.722763,42.918503,47.045929,45.165372452037,8.817251038648,85.29
25.200,0.502,11002.549805,0.000000,65.379005,9.000000,1.508893,-0.050865,0.674806,47.633030,47.151352,45.165383713639,8.817267820417,85.29
25.300,0.504,11123.459961,0.000000,65.311005,9.000000,1.471655,-0.027723,0.641345,52.400379,46.259140,45.165394223395,8.817286106566,85.29
25.400,0.505,11094.240234,0.000000,65.361008,9.000000,1.394997,-0.015997,0.613958,57.025295,44.077778,45.165403674363,8.817305331779,85.29
25.500,0.507,10975.459961,0.000000,65.356003,9.000000,1.266832,-0.027456,0.593561,61.337833,40.214207,45.165412104090,8.817325381743,85.29
25.600,0.509,10708.019531,0.000000,65.112007,9.000000,1.075112,-0.074834,0.580841,65.043045,34.381496,45.165419420145,8.817345908104,85.30
25.700,0.511,10102.040039,0.000000,64.668007,9.000000,0.832892,-0.150905,0.563652,68.113182,26.850082,45.165425700499,8.817366984261,85.30
25.800,0.513,9625.740234,0.000000,63.980003,9.000000,0.545548,-0.249371,0.546464,70.417152,17.711636,45.165431413299,8.817388404201,85.30
25.900,0.514,9082.440430,0.000000,62.782001,9.000000,0.220718,-0.360826,0.529275,71.800964,7.098166,45.165436690136,8.817409830842,85.30
26.000,0.516,9020.580078,0.000000,60.947998,9.000000,-0.127528,-0.467259,0.509565,72.029686,-4.715307,45.165441685391,8.817430879166,85.30
26.100,0.518,8914.860352,0.000000,59.238003,9.000000,-0.477316,-0.538882,0.478396,70.816391,-17.292418,45.165446610741,8.817451041144,85.29
26.200,0.519,8911.679688,0.000000,57.138000,9.000000,-0.805894,-0.563712,0.438289,68.411346,-29.730644,45.165451887739,8.817470190234,85.28
26.300,0.521,9140.120117,0.000000,55.104000,9.000000,-1.097546,-0.536702,0.396922,64.827148,-41.452442,45.165457783594,8.817488490701,85.27
26.400,0.522,9137.000000,0.000000,53.458000,9.000000,-1.335063,-0.460606,0.349825,60.133709,-51.646049,45.165464393836,8.817505708043,85.26
26.500,0.524,9117.419922,0.000000,52.358002,9.000000,-1.498154,-0.347749,0.299519,54.496033,-59.106422,45.165471763755,8.817521602092,85.25
26.600,0.525,9021.379883,0.000000,51.434002,9.000000,-1.571574,-0.233120,0.256203,48.290668,-62.722927,45.165479937705,8.817535831880,85.25
26.700,0.527,8879.700195,0.000000,51.156002,9.000000,-1.592121,-0.143334,0.224347,41.922127,-64.004974,45.165489153648,8.817548255228,85.25
26.800,0.528,8702.099609,0.000000,50.889999,9.000000,-1.579489,-0.083145,0.203949,35.487125,-63.780384,45.165499226676,8.817559256683,85.26
26.900,0.529,8653.660156,0.000000,50.453999,8.770000,-1.550434,-0.052024,0.196329,29.032183,-62.783894,45.165510128016,8.817568794207,85.27
27.000,0.531,8641.200195,0.000000,50.230999,8.000000,-1.520964,-0.042847,0.203377,22.782358,-61.738129,45.165521457450,8.817576556959,85.28
27.100,0.532,8752.219727,0.000000,49.931000,8.230000,-1.498849,-0.042312,0.213518,16.716913,-61.080376,45.165533109636,8.817582450148,85.29
27.200,0.534,8777.719727,0.000000,49.653999,9.000000,-1.482374,-0.036091,0.220565,10.675303,-60.614899,45.165545127478,8.817586190546,85.29
27.300,0.535,8812.280273,0.000000,49.507668,9.000000,-1.468206,-0.022370,0.229389,5.146718,-60.181286,45.165557429736,8.817588223136,85.29
27.400,0.536,8752.650391,0.000000,49.541000,9.000000,-1.452962,-0.002224,0.228071,3.120510,-59.629646,45.165569842206,8.817588521519,85.29
27.500,0.538,8715.009766,0.000000,49.574337,9.000000,-1.435168,0.020624,0.219706,7.410933,-58.855923,45.165582173840,8.817587095730,85.29
27.600,0.539,8677.860352,0.000000,49.623001,9.000000,-1.415411,0.040432,0.202517,13.161711,-57.870438,45.165594200208,8.817583923572,85.30
27.700,0.541,8587.000000,0.000000,49.746002,9.000000,-1.396093,0.057837,0.185328,18.857828,-56.890221,45.165605910114,8.817578695387,85.30
27.800,0.542,8620.349609,0.000000,49.969002,9.000000,-1.378835,0.073184,0.168140,24.508106,-55.938190,45.165617373850,8.817571842050,85.31
27.900,0.543,8732.000000,0.000000,50.269001,9.000000,-1.364272,0.085835,0.150951,30.104643,-55.042545,45.165628445366,8.817563441074,85.32
28.000,0.545,8766.269531,0.000000,50.591999,9.000000,-1.352602,0.095152,0.135080,35.594608,-54.238571,45.165638964793,8.817553615080,85.32
28.100,0.546,8936.200195,0.000000,50.992001,9.000000,-1.342405,0.101232,0.123621,40.924038,-53.499912,45.165648719172,8.817542486010,85.33
28.200,0.548,9121.000000,0.000000,51.415001,9.000000,-1.331622,0.106624,0.110844,46.207626,-52.722523,45.165657623397,8.817529757855,85.33
28.300,0.549,9133.650391,0.000000,51.891998,9.000000,-1.318142,0.113437,0.094973,51.445374,-51.837650,45.165665851645,8.817515738880,85.33
28.400,0.550,9184.280273,0.000000,52.246002,9.000000,-1.301183,0.122162,0.082196,56.626747,-50.781803,45.165673303821,8.817500585429,85.33
28.500,0.552,9205.040039,0.000000,52.520000,9.000000,-1.278902,0.132155,0.064835,61.728138,-49.488979,45.165679937763,8.817484336512,85.32
28.600,0.553,9180.599609,0.000000,52.996002,9.000000,-1.250427,0.140925,0.049022,66.551064,-47.944286,45.165685500525,8.817467566957,85.32
28.700,0.555,9181.400391,0.000000,53.419998,9.000000,-1.217949,0.148598,0.037563,71.227768,-46.203411,45.165689912630,8.817449861708,85.31
28.800,0.556,9250.000000,0.000000,53.944000,9.000000,-1.183992,0.153263,0.027478,75.766968,-44.409367,45.165693448249,8.817431369266,85.30
28.900,0.558,9390.919922,0.000000,54.544003,9.000000,-1.152866,0.153009,0.021749,80.163162,-42.739075,45.165696071647,8.817412292862,85.30
29.000,0.559,9439.759766,0.000000,55.119999,9.000000,-1.128851,0.146533,0.018770,84.385178,-41.427231,45.165697759877,8.817392873472,85.30
29.100,0.561,9547.400391,0.000000,55.619999,9.000000,-1.115391,0.135546,0.025874,88.427963,-40.610428,45.165698472208,8.817373393831,85.30
29.200,0.563,9661.040039,0.000000,56.096001,9.000000,-1.108967,0.124686,0.037333,92.424461,-40.086971,45.165698012004,8.817353680217,85.30
29.300,0.564,9710.639648,0.000000,56.520000,9.000000,-1.106417,0.116834,0.048793,96.417747,-39.742275,45.165696612151,8.817333696918,85.31
29.400,0.566,9779.080078,0.000000,56.972000,9.000000,-1.103103,0.113902,0.060252,100.420204,-39.428757,45.165694273745,8.817313651162,85.32
29.500,0.567,9857.879883,0.000000,57.296001,9.000000,-1.094614,0.117497,0.070336,104.363525,-38.888802,45.165691019513,8.817293775105,85.32
29.600,0.569,9910.240234,0.000000,57.696003,9.000000,-1.074194,0.127031,0.076065,108.177589,-37.902397,45.165686866076,8.817274342356,85.33
29.700,0.570,9992.519531,0.000000,58.119999,9.000000,-1.040697,0.138962,0.079045,111.883026,-36.434708,45.165681592688,8.817255228436,85.33
29.800,0.572,10020.799805,0.000000,58.644001,9.000000,-0.995702,0.152346,0.071940,115.454155,-34.513237,45.165675424728,8.817236214241,85.33
29.900,0.574,10065.799805,0.000000,59.196003,8.760000,-0.941912,0.165271,0.059106,118.848366,-32.280079,45.165668429698,8.817217455301,85.34
30.000,0.575,10121.599609,0.000000,59.667999,8.000000,-0.882666,0.175978,0.041917,121.985870,-29.931410,45.165660702940,8.817199118009,85.34
30.100,0.577,10216.400391,0.000000,60.344002,8.240000,-0.821330,0.183651,0.026103,124.809875,-27.558905,45.165652351530,8.817181394851,85.35
30.200,0.579,10326.250000,0.000000,60.974998,9.000000,-0.758892,0.189126,0.014530,127.443413,-25.203590,45.165643094014,8.817163964633,85.35
30.300,0.581,10428.750000,0.000000,61.674999,9.000000,-0.696912,0.193268,0.004503,129.849838,-22.900299,45.165633237838,8.817146872585,85.36
30.400,0.582,10521.500000,0.000000,62.349998,9.000000,-0.634455,0.195977,0.000206,132.061462,-20.637117,45.165622801919,8.817130051594,85.36
30.500,0.584,10606.750000,0.000000,63.000000,9.000000,-0.571838,0.196773,0.001638,134.026703,-18.402582,45.165611907996,8.817113617806,85.37
30.600,0.586,10695.000000,0.000000,63.750004,9.000000,-0.508424,0.195818,0.007368,135.719788,-16.196693,45.165600690800,8.817097700244,85.38
30.700,0.588,10797.000000,0.000000,64.375000,9.000000,-0.444214,0.193587,0.014530,137.215210,-13.985077,45.165588959376,8.817082114378,85.39
30.800,0.589,10890.000000,0.000000,65.074997,9.000000,-0.381278,0.190400,0.024556,138.507233,-11.836485,45.165576743140,8.817066562561,85.40
30.900,0.591,10976.750000,0.000000,65.750000,9.000000,-0.322166,0.187373,0.030286,139.604446,-9.831133,45.165564153324,8.817051121193,85.41
31.000,0.593,11074.250000,0.000000,66.350006,9.000000,-0.271021,0.184824,0.034583,140.501114,-8.117989,45.165551316437,8.817035878602,85.42
31.100,0.595,11177.000000,0.000000,66.975006,9.000000,-0.234535,0.182115,0.031718,141.211578,-6.886130,45.165538371055,8.817020937501,85.43
31.200,0.597,11271.250000,0.000000,67.650002,9.000000,-0.213662,0.178769,0.018827,141.838974,-6.158473,45.165525113885,8.817006089114,85.43
31.300,0.599,11363.000000,0.000000,68.250000,9.000000,-0.211910,0.174467,-0.001227,142.423401,-6.009504,45.165511475615,8.816991129343,85.43
31.400,0.601,11460.750000,0.000000,68.875000,9.000000,-0.231667,0.167935,-0.032739,143.022125,-6.496519,45.165497548195,8.816976177961,85.43
31.500,0.603,11553.500000,0.000000,69.525002,9.000000,-0.275642,0.158215,-0.077144,143.706818,-7.757026,45.165483436425,8.816961379426,85.42
31.600,0.604,11679.750000,0.000000,70.025002,9.000000,-0.344632,0.145947,-0.137304,144.571991,-9.745190,45.165469253490,8.816946910225,85.41
31.700,0.606,11838.000000,0.000000,70.525002,9.000000,-0.428440,0.133360,-0.208924,145.654877,-12.140152,45.165454718913,8.816932735968,85.39
31.800,0.608,11861.139648,0.000000,71.004005,9.000000,-0.523102,0.121627,-0.291430,147.008087,-14.843826,45.165439558594,8.816918617655,85.36
31.900,0.610,11944.940430,0.000000,71.430000,9.000000,-0.620612,0.112424,-0.378863,148.621078,-17.621984,45.165424148302,8.816905041698,85.33
32.000,0.612,12013.940430,0.000000,71.877998,9.000000,-0.715140,0.106382,-0.470536,150.523071,-20.247963,45.165408441908,8.816892071729,85.28
32.100,0.614,12081.900391,0.000000,72.178001,9.000000,-0.797864,0.100786,-0.559230,152.673721,-22.490292,45.165392553110,8.816879922022,85.24
32.200,0.616,12144.040039,0.000000,72.504005,9.000000,-0.867179,0.092450,-0.637955,155.024689,-24.348049,45.165376160984,8.816868811432,85.19
32.300,0.618,12194.660156,0.000000,72.877998,9.000000,-0.921199,0.078021,-0.710949,157.550049,-25.770359,45.165359201710,8.816858482261,85.14
32.400,0.620,12235.660156,0.000000,73.255997,9.000000,-0.959425,0.054007,-0.776725,160.206512,-26.769138,45.165341822964,8.816849105933,85.08
32.500,0.623,12241.559570,0.000000,73.674004,9.000000,-0.978124,0.018189,-0.829552,162.928284,-27.312761,45.165324201914,8.816840816878,85.03
32.600,0.625,12111.160156,0.000000,73.573997,9.000000,-0.970030,-0.028718,-0.868169,165.658096,-27.190838,45.165306545221,8.816833723107,84.98
32.700,0.627,11802.799805,0.000000,73.422005,9.000000,-0.931268,-0.081335,-0.901057,168.341599,-26.287857,45.165288671468,8.816828087124,84.93
32.800,0.629,11342.080078,0.000000,73.044006,9.000000,-0.854854,-0.137445,-0.928215,170.921051,-24.390678,45.165270542247,8.816823472955,84.88
32.900,0.631,11126.000000,0.000000,72.339996,9.000000,-0.734858,-0.196104,-0.949644,173.295837,-21.213284,45.165252361227,8.816819848850,84.83
33.000,0.633,11048.259766,0.000000,71.339996,9.000000,-0.562169,-0.258141,-0.965343,175.271408,-16.455900,45.165234345869,8.816817123997,84.78
33.100,0.635,10695.179688,0.000000,70.262001,9.000000,-0.334097,-0.324754,-0.975312,176.565369,-9.933349,45.165216732544,8.816815149845,84.74
33.200,0.636,10320.000000,0.000000,68.884003,9.000000,-0.069965,-0.391482,-0.981042,177.167908,-2.089328,45.165199457861,8.816813701487,84.71
33.300,0.638,10295.820313,0.000000,67.310005,9.000000,0.218564,-0.453697,-0.986771,176.975830,6.846064,45.165182341469,8.816812214606,84.68
33.400,0.640,10154.370117,0.000000,65.741005,8.730000,0.519769,-0.505868,-0.992558,175.871063,16.608347,45.165165400403,8.816810407972,84.66
33.500,0.642,9869.980469,0.000000,63.959999,8.000000,0.806831,-0.536262,-0.998288,173.756378,26.372925,45.165149163021,8.816808047408,84.64
33.600,0.644,9567.200195,0.000000,62.068001,8.270000,1.057586,-0.534599,-1.004017,170.562607,35.484787,45.165133650232,8.816804847963,84.62
33.700,0.645,9440.330078,0.000000,60.441002,9.000000,1.265366,-0.506563,-1.006653,166.553970,43.468151,45.165118922669,8.816800129064,84.61
33.800,0.647,9527.530273,0.000000,58.768002,9.000000,1.425812,-0.457011,-1.000923,161.823059,50.072750,45.165104729452,8.816793960110,84.60
33.900,0.649,9412.700195,0.000000,57.303001,9.000000,1.538803,-0.393419,-0.993647,156.499023,55.146175,45.165091243952,8.816786307975,84.59
34.000,0.650,9385.980469,0.000000,56.175999,9.000000,1.605441,-0.325034,-0.977547,150.750305,58.582546,45.165078635151,8.816777203971,84.58
34.100,0.652,9272.400391,0.000000,55.084000,9.000000,1.632904,-0.263367,-0.945805,144.785706,60.484997,45.165067067641,8.816766743846,84.58
34.200,0.653,9184.839844,0.000000,54.311001,9.000000,1.641055,-0.209003,-0.901057,138.681412,61.595158,45.165056769964,8.816754455999,84.58
34.300,0.655,9067.120117,0.000000,53.638000,9.000000,1.635925,-0.161185,-0.840667,132.468704,62.100735,45.165047422869,8.816740752793,84.59
34.400,0.656,8971.179688,0.000000,53.091999,9.000000,1.622095,-0.120721,-0.767271,126.192184,62.139240,45.165039157849,8.816725845464,84.60
34.500,0.658,8998.160156,0.000000,52.718998,9.000000,1.602064,-0.089231,-0.679781,119.961159,61.823429,45.165032084798,8.816709978756,84.62
34.600,0.659,9006.429688,0.000000,52.445999,9.000000,1.577157,-0.067715,-0.586560,113.849068,61.217697,45.165026292016,8.816693430924,84.63
34.700,0.661,9021.099609,0.000000,52.245998,9.000000,1.550045,-0.053503,-0.489158,107.799553,60.424263,45.165022114979,8.816676009334,84.65
34.800,0.662,9046.780273,0.000000,52.073002,9.000000,1.522175,-0.045320,-0.391755,101.792786,59.524261,45.165019151067,8.816657950306,84.67
34.900,0.663,9068.610352,0.000000,51.945999,9.000000,1.495459,-0.041719,-0.294352,95.832756,58.638466,45.165017437606,8.816639536917,84.69
35.000,0.665,9076.200195,0.000000,51.771999,9.000000,1.471782,-0.040253,-0.200788,89.923615,57.879642,45.165016986711,8.816620889738,84.71
35.100,0.666,8985.320313,0.000000,51.616001,9.000000,1.452739,-0.036557,-0.122178,84.221535,57.286518,45.165017770255,8.816602697541,84.73
35.200,0.668,8885.759766,0.000000,51.372002,9.000000,1.435531,-0.025773,-0.049298,78.557503,56.746563,45.165020106399,8.816584793076,84.76
35.300,0.669,8794.639648,0.000000,51.271999,9.000000,1.417788,-0.006246,0.016248,72.891647,56.128681,45.165023643240,8.816567111388,84.79
35.400,0.671,8715.679688,0.000000,51.172001,9.000000,1.397241,0.020853,0.070336,67.261536,55.311874,45.165028318112,8.816549885290,84.82
35.500,0.672,8730.360352,0.000000,51.184002,9.000000,1.371416,0.051725,0.114568,61.748302,54.165043,45.165034052889,8.816533345737,84.85
35.600,0.673,8795.639648,0.000000,51.512001,9.000000,1.340570,0.080073,0.151467,56.450043,52.669853,45.165040741828,8.816517717199,84.87
35.700,0.675,8916.280273,0.000000,51.911999,9.000000,1.307251,0.102686,0.180114,51.294342,51.023399,45.165048683485,8.816503122799,84.90
35.800,0.676,8992.000000,0.000000,52.340000,9.000000,1.273830,0.119383,0.208762,46.264690,49.340282,45.165057612568,8.816489285372,84.92
35.900,0.678,9080.440430,0.000000,52.840000,9.000000,1.242575,0.129886,0.235806,41.367508,47.728664,45.165067404364,8.816476360024,84.95
36.000,0.679,9175.440430,0.000000,53.312000,9.000000,1.215961,0.134654,0.257120,36.644958,46.293060,45.165077919711,8.816464502121,84.97
36.100,0.681,9205.160156,0.000000,53.712002,9.000000,1.193731,0.135648,0.275913,32.127758,45.081142,45.165088996068,8.816453856502,84.99
36.200,0.682,9237.599609,0.000000,54.139999,9.000000,1.173694,0.137738,0.298831,27.709108,43.948059,45.165100876072,8.816444657469,85.02
36.300,0.684,9272.919922,0.000000,54.639999,9.000000,1.154395,0.140645,0.321750,23.354172,42.847984,45.165113431104,8.816436550232,85.04
36.400,0.685,9392.320313,0.000000,55.139999,9.000000,1.134638,0.144468,0.343064,19.085865,41.741486,45.165126511650,8.816429615999,85.06
36.500,0.687,9467.200195,0.000000,55.639999,9.000000,1.115060,0.147400,0.358648,14.946359,40.624905,45.165139959304,8.816423925822,85.09
36.600,0.688,9579.040039,0.000000,56.139999,9.000000,1.096297,0.147681,0.368503,10.975990,39.556911,45.165153601547,8.816419527828,85.11
36.700,0.690,9700.000000,0.000000,56.674000,9.000000,1.079013,0.146852,0.372628,7.060856,38.581509,45.165167766604,8.816416708531,85.12
36.800,0.692,9720.009766,0.000000,57.245003,9.000000,1.064087,0.145577,0.370967,3.589075,37.691364,45.165182174670,8.816415172530,85.14
36.900,0.693,9769.000000,0.000000,57.745003,9.000000,1.050620,0.144303,0.365237,2.160921,36.892887,45.165196796280,8.816414890975,85.15
37.000,0.695,9786.980469,0.000000,58.245003,9.000000,1.038326,0.143213,0.357846,4.209589,36.166145,45.165211464993,8.816415862564,85.15
37.100,0.696,9868.990234,0.000000,58.716003,9.000000,1.024840,0.143130,0.346387,7.729039,35.429096,45.165226013809,8.816418059698,85.16
37.200,0.698,9976.209961,0.000000,59.145000,9.000000,1.008251,0.144774,0.334928,11.210789,34.587074,45.165240562087,8.816421840342,85.16
37.300,0.700,10037.679688,0.000000,59.674000,9.000000,0.986646,0.147693,0.326792,14.636733,33.580963,45.165255219152,8.816426907870,85.16
37.400,0.701,10134.320313,0.000000,60.245003,9.000000,0.958298,0.151517,0.326792,17.975815,32.345661,45.165269830403,8.816433178475,85.17
37.500,0.703,10228.110352,0.000000,60.774002,9.000000,0.921193,0.154602,0.331776,21.168566,30.841307,45.165284250253,8.816440563062,85.18
37.600,0.705,10282.469727,0.000000,61.345001,9.000000,0.872986,0.155507,0.352288,24.129154,28.990196,45.165298343353,8.816448943086,85.19
37.700,0.707,10329.240234,0.000000,61.845001,9.000000,0.814396,0.154952,0.385921,26.906395,26.834499,45.165312206385,8.816458634514,85.20
37.800,0.708,10390.750000,0.000000,62.374001,9.000000,0.745527,0.152671,0.435081,29.490320,24.371239,45.165326037748,8.816469383915,85.22
37.900,0.710,10465.459961,0.000000,62.916000,9.000000,0.667551,0.149299,0.495700,31.839905,21.632959,45.165339726621,8.816481017912,85.25
38.000,0.712,10542.940430,0.000000,63.374001,9.000000,0.580569,0.145106,0.566116,33.877914,18.646244,45.165353173886,8.816493361506,85.28
38.100,0.714,10626.330078,0.000000,63.886997,9.000000,0.487418,0.140562,0.642262,35.544765,15.516062,45.165366296403,8.816506219287,85.32
38.200,0.715,10701.589844,0.000000,64.215996,9.000000,0.392272,0.137560,0.720815,36.917000,12.366627,45.165379246649,8.816519795486,85.36
38.300,0.717,10799.400391,0.000000,64.680000,9.000000,0.296291,0.135367,0.794325,38.015015,9.246070,45.165392397627,8.816534126125,85.41
38.400,0.719,10910.000000,0.000000,65.250000,9.000000,0.203943,0.134475,0.859642,38.819450,6.275856,45.165405413582,8.816548733352,85.45
38.500,0.721,10933.700195,0.000000,65.750000,9.000000,0.117777,0.134666,0.910063,39.315628,3.543993,45.165418356498,8.816563566443,85.50
38.600,0.723,11007.599609,0.000000,66.220001,9.000000,0.041426,0.135686,0.937565,39.513874,1.165073,45.165431172634,8.816578443671,85.55
38.700,0.724,11080.099609,0.000000,66.650002,9.000000,-0.025047,0.137407,0.943867,39.504707,-0.879240,45.165444073719,8.816593505898,85.58
38.800,0.726,11174.700195,0.000000,67.150002,9.000000,-0.079219,0.139064,0.934700,39.322502,-2.549985,45.165457253359,8.816608818001,85.61
38.900,0.728,11265.500000,0.000000,67.650002,9.000000,-0.119689,0.141613,0.910636,38.998207,-3.782990,45.165470612284,8.816624210962,85.64
39.000,0.730,11367.099609,0.000000,68.150002,9.000000,-0.142505,0.143780,0.868810,38.568489,-4.431579,45.165484061394,8.816639530739,85.67
39.100,0.732,11455.000000,0.000000,68.680000,9.000000,-0.145564,0.145055,0.819535,38.105541,-4.477416,45.165497519258,8.816654637335,85.69
39.200,0.734,11493.599609,0.000000,69.250000,9.000000,-0.134093,0.145756,0.758802,37.672386,-4.078637,45.165511187863,8.816669701150,85.71
39.300,0.736,11573.200195,0.000000,69.750000,9.000000,-0.111021,0.144545,0.690047,37.291939,-3.315457,45.165525197062,8.816684925824,85.72
39.400,0.738,11646.900391,0.000000,70.250000,9.000000,-0.080175,0.141613,0.621292,36.990566,-2.341429,45.165539403533,8.816700204581,85.73
39.500,0.740,11732.200195,0.000000,70.750000,9.000000,-0.046907,0.137407,0.552537,36.802635,-1.314688,45.165553679700,8.816715441855,85.74
39.600,0.742,11820.700195,0.000000,71.220001,9.000000,-0.018418,0.132308,0.483782,36.735027,-0.434625,45.165567908055,8.816730555983,85.75
39.700,0.744,11858.400391,0.000000,71.650002,9.000000,0.002295,0.127019,0.416746,36.740757,0.170418,45.165582257783,8.816745779847,85.74
39.800,0.746,11919.400391,0.000000,72.120003,9.000000,0.013256,0.121474,0.357158,36.790031,0.486691,45.165596871908,8.816761303051,85.74
39.900,0.748,11985.599609,0.000000,72.524002,9.000000,0.014155,0.116324,0.306853,36.847900,0.494025,45.165611759006,8.816777146155,85.73
40.000,0.750,12047.150391,0.000000,72.924004,9.000000,0.006246,0.111423,0.264568,36.890987,0.239632,45.165626502264,8.816792861883,85.73
40.100,0.752,12122.690430,0.000000,73.324005,9.000000,-0.006896,0.107160,0.231967,36.891788,-0.172898,45.165641149400,8.816808486010,85.73
40.200,0.754,12191.000000,0.000000,73.723999,9.000000,-0.020719,0.103138,0.206872,36.854660,-0.585428,45.165655888980,8.816824199245,85.73
40.300,0.756,12208.360352,0.000000,74.093002,9.000000,-0.033313,0.098677,0.189683,36.775249,-0.962434,45.165670899376,8.816840160089,85.74
40.400,0.758,12261.259766,0.000000,74.393005,9.000000,-0.042962,0.094216,0.174270,36.665012,-1.224849,45.165686043497,8.816856206747,85.74
40.500,0.760,12304.160156,0.000000,74.693001,9.000000,-0.048589,0.090149,0.162811,36.535408,-1.358462,45.165701200478,8.816872203506,85.74
40.600,0.762,12343.259766,0.000000,74.993004,9.000000,-0.050743,0.087160,0.151352,36.397900,-1.381381,45.165716264822,8.816888036864,85.74
40.700,0.764,12401.660156,0.000000,75.293007,9.000000,-0.052216,0.085204,0.138117,36.260387,-1.404299,45.165731440322,8.816903881316,85.74
40.800,0.766,12461.000000,0.000000,75.593002,9.000000,-0.054325,0.084764,0.120928,36.122879,-1.434322,45.165746892030,8.816919940804,85.74
40.900,0.769,12472.160156,0.000000,75.893005,9.000000,-0.057467,0.084764,0.101963,35.978268,-1.508577,45.165762485565,8.816936058931,85.74
41.000,0.771,12507.849609,0.000000,76.162003,9.000000,-0.061336,0.083776,0.079045,35.817837,-1.638983,45.165778097082,8.816952105352,85.74
41.100,0.773,12541.299805,0.000000,76.393005,9.000000,-0.062107,0.078219,0.056126,35.650303,-1.710946,45.165793614672,8.816967972617,85.74
41.200,0.775,12571.610352,0.000000,76.662003,9.000000,-0.055166,0.063630,0.036760,35.474060,-1.595667,45.165809245314,8.816983827537,85.73
41.300,0.777,12602.610352,0.000000,76.862000,9.000000,-0.034734,0.036143,0.025301,35.324291,-1.139822,45.165825139189,8.816999873512,85.73
41.400,0.779,12625.549805,0.000000,77.093002,9.000000,0.004640,-0.006991,0.017394,35.226658,-0.170377,45.165841119201,8.817015963989,85.72
41.500,0.781,12553.360352,0.000000,77.176003,9.000000,0.072183,-0.068958,0.022723,35.266880,1.586082,45.165857009454,8.817031980568,85.72
41.600,0.783,12134.440430,0.000000,76.772003,9.000000,0.175340,-0.149465,0.040084,35.563213,4.348885,45.165872790376,8.817047992005,85.72
41.700,0.786,11602.000000,0.000000,76.244003,9.000000,0.306042,-0.236956,0.059106,36.158173,7.973645,45.165888182427,8.817063924548,85.72
41.800,0.788,11497.679688,0.000000,75.284004,9.000000,0.463359,-0.323938,0.082024,37.137699,12.454633,45.165903380124,8.817080216738,85.72
41.900,0.790,11201.759766,0.000000,73.888000,9.000000,0.642013,-0.400850,0.103109,38.589806,17.731344,45.165918136994,8.817096786338,85.72
42.000,0.792,10982.240234,0.000000,72.256004,9.000000,0.832547,-0.454258,0.120298,40.631367,23.624102,45.165932211779,8.817113582678,85.73
42.100,0.794,10915.959961,0.000000,70.556000,9.000000,1.019283,-0.471058,0.131986,43.343521,29.685537,45.165945386134,8.817130582849,85.73
42.200,0.796,11057.200195,0.000000,68.856003,9.000000,1.187026,-0.455940,0.130153,46.617172,35.377529,45.165957463821,8.817148204645,85.73
42.300,0.797,11016.959961,0.000000,67.252007,9.000000,1.327237,-0.412934,0.120756,50.433990,40.362720,45.165968589929,8.817166694388,85.73
42.400,0.799,10880.839844,0.000000,65.980003,9.000000,1.433951,-0.348743,0.101734,54.718334,44.366093,45.165978643186,8.817185879837,85.73
42.500,0.801,10793.120117,0.000000,65.012001,9.000000,1.501660,-0.276674,0.078815,59.337292,47.097950,45.165987493226,8.817205612755,85.74
42.600,0.803,10756.879883,0.000000,64.239998,9.000000,1.532353,-0.210469,0.054064,64.133644,48.545471,45.165995048801,8.817225746482,85.74
42.700,0.805,10711.080078,0.000000,63.771999,9.000000,1.542117,-0.154461,0.025416,69.021660,49.233025,45.166001066001,8.817246588806,85.74
42.800,0.806,10654.440430,0.000000,63.340000,9.000000,1.538013,-0.108855,0.000435,73.983009,49.406288,45.166005808444,8.817268185773,85.74
42.900,0.808,10582.679688,0.000000,62.903999,9.000000,1.525113,-0.073063,-0.014920,78.964073,49.233940,45.166009287451,8.817290203696,85.74
43.000,0.810,10505.360352,0.000000,62.636002,9.000000,1.507549,-0.044510,-0.022713,83.893349,48.824162,45.166011481449,8.817312366683,85.74
43.100,0.812,10508.440430,0.000000,62.516003,9.000000,1.484885,-0.020700,-0.017212,88.710777,48.215446,45.166012398488,8.817334424171,85.74
43.200,0.813,10562.910156,0.000000,62.566502,9.000000,1.455760,0.002894,0.003930,93.518120,47.361282,45.166011747060,8.817356692473,85.74
43.300,0.815,10597.169922,0.000000,62.633003,9.000000,1.416928,0.027532,0.034469,98.220383,46.140423,45.166009776705,8.817378858189,85.74
43.400,0.817,10643.530273,0.000000,62.766003,9.000000,1.363029,0.053236,0.072628,102.827538,44.416054,45.166006605666,8.817400835867,85.75
43.500,0.819,10662.089844,0.000000,62.966003,9.000000,1.283498,0.079156,0.116573,107.190956,41.853329,45.166002315580,8.817422380329,85.76
43.600,0.820,10642.679688,0.000000,63.133003,8.670000,1.162133,0.103176,0.152899,111.164764,37.962254,45.165997015623,8.817443306731,85.77
43.700,0.822,10638.019531,0.000000,63.299000,8.000000,0.993414,0.120843,0.179656,114.707367,32.498070,45.165990537463,8.817463747200,85.78
43.800,0.824,10664.360352,0.000000,63.665001,8.000000,0.772442,0.127050,0.196902,117.685135,25.315245,45.165983158845,8.817484071249,85.78
43.900,0.826,10777.809570,0.000000,64.066002,8.000000,0.498565,0.117765,0.196959,119.926437,16.390396,45.165975179607,8.817504200789,85.79
44.000,0.827,10944.379883,0.000000,64.332001,8.000000,0.178954,0.090627,0.181719,121.122772,5.958667,45.165966861776,8.817524088755,85.79
44.100,0.829,11103.650391,0.000000,64.698997,8.000000,-0.162237,0.052388,0.156910,121.053673,-5.127150,45.165958480850,8.817543744186,85.79
44.200,0.831,11183.570313,0.000000,64.966003,8.000000,-0.493090,0.017514,0.126371,119.953140,-15.748641,45.165950249406,8.817563599485,85.79
44.300,0.833,11193.429688,0.000000,65.149498,8.000000,-0.793409,-0.004219,0.091994,117.870659,-25.386478,45.165942416990,8.817584095624,85.79
44.400,0.835,11164.759766,0.000000,65.299500,8.330000,-1.045145,-0.004729,0.059507,114.894028,-33.430119,45.165935233060,8.817605105497,85.78
44.500,0.837,11140.059570,0.000000,65.432999,9.000000,-1.223704,0.019413,0.032750,111.190659,-39.002476,45.165928909505,8.817626512307,85.78
44.600,0.838,11134.599609,0.000000,65.566002,9.000000,-1.312336,0.061030,0.011722,107.073616,-41.607830,45.165923613950,8.817648208716,85.77
44.700,0.840,11155.919922,0.000000,65.832001,9.000000,-1.324273,0.105866,-0.003576,102.837509,-41.806992,45.165919624683,8.817670557676,85.77
44.800,0.842,11178.799805,0.000000,66.236000,9.000000,-1.260522,0.144226,-0.015150,98.633034,-39.569473,45.165916725307,8.817693920465,85.76
44.900,0.844,11210.700195,0.000000,66.601997,9.000000,-1.126876,0.164238,-0.022713,94.751358,-35.116905,45.165914873446,8.817717514932,85.76
45.000,0.846,11245.299805,0.000000,66.970001,9.000000,-0.926960,0.152690,-0.020765,91.476334,-28.672735,45.165913937179,8.817741301670,85.76
45.100,0.848,11183.179688,0.000000,67.470001,9.000000,-0.672222,0.101271,-0.015035,89.067390,-20.728788,45.165913778666,8.817765056596,85.76
45.200,0.849,10918.040039,0.000000,67.868004,9.000000,-0.385465,0.019311,-0.007357,87.453484,-11.877280,45.165914282347,8.817788959825,85.76
45.300,0.851,10537.620117,0.000000,67.863998,9.000000,-0.076695,-0.084458,0.006050,86.703133,-2.347387,45.165915036388,8.817813158764,85.76
45.400,0.853,10186.780273,0.000000,67.395996,8.660000,0.242412,-0.197901,0.023239,86.877769,7.592743,45.165915760933,8.817837307127,85.76
45.500,0.855,9849.280273,0.000000,66.592003,8.000000,0.556255,-0.300294,0.038479,88.111923,17.568167,45.165916219970,8.817861111556,85.77
45.600,0.857,10031.700195,0.000000,65.290001,8.340000,0.844312,-0.367365,0.046042,90.444092,27.104477,45.165916182782,8.817884330307,85.77
45.700,0.859,10309.900391,0.000000,63.790001,9.000000,1.095558,-0.392565,0.046042,93.646698,35.729553,45.165915250066,8.817907018273,85.77
45.800,0.860,10226.879883,0.000000,62.357998,9.000000,1.301069,-0.374873,0.042146,97.635399,43.099167,45.165913234098,8.817929359478,85.77
45.900,0.862,10153.759766,0.000000,61.125999,8.660000,1.453223,-0.319209,0.028739,102.291710,48.831493,45.165910129849,8.817951097498,85.78
46.000,0.864,10181.019531,0.000000,60.128002,8.000000,1.544539,-0.238626,0.011550,107.431145,52.466339,45.165905905134,8.817971985879,85.78
46.100,0.865,10226.200195,0.000000,59.532001,8.000000,1.577641,-0.154997,-0.005638,112.786919,53.954193,45.165900556164,8.817991832114,85.78
46.200,0.867,10226.620117,0.000000,59.366001,8.000000,1.577259,-0.083502,-0.020879,118.203430,54.153584,45.165893790076,8.818010594424,85.78
46.300,0.869,10192.059570,0.000000,59.266003,8.000000,1.554417,-0.027315,-0.028442,123.623390,53.438534,45.165885708820,8.818028497838,85.78
46.400,0.870,10178.750000,0.000000,59.217499,8.350000,1.517625,0.012587,-0.028442,129.026489,52.137691,45.165876457602,8.818045542407,85.78
46.500,0.872,10129.000000,0.000000,59.267498,9.000000,1.475976,0.035913,-0.024432,134.185974,50.617062,45.165866365989,8.818061190450,85.77
46.600,0.874,10091.450195,0.000000,59.334999,9.000000,1.434805,0.047513,-0.012972,139.115143,49.097576,45.165855487246,8.818075477338,85.77
46.700,0.875,10122.849609,0.000000,59.435001,9.000000,1.396406,0.054682,-0.001513,143.922256,47.631950,45.165843647804,8.818088253161,85.76
46.800,0.877,10209.099609,0.000000,59.570000,9.000000,1.361640,0.059335,0.009946,148.626801,46.267162,45.165830888410,8.818099713133,85.76
46.900,0.879,10187.349609,0.000000,59.735001,9.000000,1.332004,0.063159,0.021405,153.235107,45.086868,45.165817488241,8.818109821016,85.76
47.000,0.880,10215.650391,0.000000,59.904999,9.000000,1.309188,0.066760,0.034870,157.701309,44.143780,45.165803630729,8.818118470460,85.75
47.100,0.882,10252.299805,0.000000,60.205002,9.000000,1.292682,0.070616,0.050053,162.035736,43.420708,45.165789470191,8.818125597209,85.75
47.200,0.884,10258.599609,0.000000,60.505001,9.000000,1.279330,0.076160,0.061512,166.324905,42.834000,45.165774855019,8.818130961634,85.75
47.300,0.885,10326.250000,0.000000,60.805000,9.000000,1.266998,0.082756,0.074977,170.595154,42.290836,45.165759740550,8.818134742473,85.74
47.400,0.887,10350.000000,0.000000,61.139999,9.000000,1.253136,0.089544,0.090160,174.837906,41.653709,45.165744370946,8.818137028960,85.74
47.500,0.889,10426.049805,0.000000,61.505001,9.000000,1.234972,0.094579,0.101619,177.503311,40.825211,45.165728933133,8.818137816595,85.73
47.600,0.890,10494.500000,0.000000,61.805000,9.000000,1.211327,0.096682,0.111073,176.353958,39.830555,45.165713579594,8.818137128686,85.72
47.700,0.892,10462.299805,0.000000,62.105000,9.000000,1.184082,0.098180,0.118808,173.102997,38.728188,45.165698203140,8.818134686060,85.71
47.800,0.894,10516.049805,0.000000,62.439999,9.000000,1.153204,0.100315,0.128262,169.273346,37.504349,45.165682700008,8.818130650953,85.69
47.900,0.896,10591.000000,0.000000,62.770000,9.000000,1.118087,0.103756,0.133991,165.547394,36.180817,45.165667270535,8.818125229061,85.67
48.000,0.897,10662.900391,0.000000,63.075001,9.000000,1.077139,0.110416,0.135710,161.983597,34.686543,45.165652077104,8.818118520176,85.66
48.100,0.899,10734.440430,0.000000,63.544003,9.000000,1.025146,0.120989,0.131986,158.600632,32.856514,45.165637093162,8.818110540203,85.63
48.200,0.901,10775.679688,0.000000,63.944000,9.000000,0.960369,0.133328,0.127861,155.435150,30.620604,45.165622513630,8.818101224175,85.62
48.300,0.903,10843.000000,0.000000,64.416000,9.000000,0.880066,0.145845,0.114339,152.473648,27.903408,45.165607998888,8.818090589369,85.60
48.400,0.905,10912.959961,0.000000,64.944000,9.000000,0.783831,0.156807,0.097150,149.777542,24.671926,45.165593668851,8.818078955531,85.58
48.500,0.906,10994.839844,0.000000,65.416000,9.000000,0.671662,0.163665,0.077899,147.465073,20.925241,45.165579619063,8.818066523928,85.56
48.600,0.908,11094.759766,0.000000,65.980003,9.000000,0.547460,0.165933,0.054980,145.622910,16.881535,45.165565896666,8.818053478149,85.55
48.700,0.910,11168.679688,0.000000,66.515999,9.000000,0.420684,0.165653,0.034125,144.162094,12.803908,45.165552334939,8.818039680394,85.53
48.800,0.912,11254.160156,0.000000,67.115997,9.000000,0.297655,0.163512,0.016936,143.072098,8.869293,45.165538670509,8.818025183321,85.52
48.900,0.914,11342.719727,0.000000,67.680000,9.000000,0.183931,0.161421,0.001810,142.352005,5.300453,45.165524991377,8.818010286909,85.51
49.000,0.916,11449.759766,0.000000,68.215996,9.000000,0.087951,0.160605,-0.005524,141.978882,2.374243,45.165511362704,8.817995199141,85.49
49.100,0.918,11556.040039,0.000000,68.816002,9.000000,0.015398,0.160835,-0.005524,141.888580,0.221755,45.165497812931,8.817980084042,85.48
49.200,0.920,11643.240234,0.000000,69.416000,9.000000,-0.037627,0.161472,-0.005524,141.972473,-1.313772,45.165484136838,8.817964818492,85.47
49.300,0.922,11724.719727,0.000000,69.980003,9.000000,-0.071992,0.161880,-0.005524,142.173248,-2.276341,45.165470115470,8.817949287989,85.45
49.400,0.923,11805.320313,0.000000,70.515999,9.000000,-0.089658,0.161192,-0.005524,142.437714,-2.715456,45.165455903295,8.817933680446,85.44
49.500,0.925,11890.160156,0.000000,71.115997,9.000000,-0.093355,0.158362,-0.007587,142.720078,-2.752125,45.165441609568,8.817918134199,85.43
49.600,0.927,11963.240234,0.000000,71.680000,9.000000,-0.086829,0.153442,-0.013316,142.982712,-2.511024,45.165427308704,8.817902739916,85.42
49.700,0.929,12025.419922,0.000000,72.222000,9.000000,-0.075822,0.146941,-0.021223,143.213043,-2.146852,45.165412686076,8.817887162405,85.41
49.800,0.931,12090.309570,0.000000,72.784996,9.000000,-0.063241,0.139058,-0.032682,143.410843,-1.757241,45.165397858048,8.817871499511,85.40
49.900,0.934,12153.679688,0.000000,73.248001,8.630000,-0.050093,0.130772,-0.046261,143.572983,-1.376109,45.165382876785,8.817855757005,85.40
50.000,0.936,12215.459961,0.000000,73.648003,8.000000,-0.038762,0.122487,-0.059210,143.686310,-1.043336,45.165367872513,8.817840055960,85.38
50.100,0.938,12273.459961,0.000000,74.048004,8.370000,-0.030783,0.114674,-0.064940,143.773743,-0.810715,45.165352927600,8.817824470518,85.37
50.200,0.940,12332.940430,0.000000,74.448006,9.000000,-0.025588,0.107899,-0.070669,143.845474,-0.675726,45.165337882642,8.817808816602,85.36
50.300,0.942,12386.059570,0.000000,74.848000,9.000000,-0.023109,0.101761,-0.074279,143.902771,-0.609492,45.165322541469,8.817792885160,85.35
50.400,0.944,12426.280273,0.000000,75.210999,8.630000,-0.022778,0.096497,-0.072159,143.960068,-0.603533,45.165307088122,8.817776858462,85.34
50.500,0.946,12471.759766,0.000000,75.511002,8.000000,-0.024052,0.092272,-0.064309,144.021606,-0.643411,45.165291647232,8.817760866708,85.33
50.600,0.948,12519.019531,0.000000,75.811005,8.370000,-0.025327,0.088684,-0.052850,144.090363,-0.695206,45.165276294226,8.817744991108,85.32
50.700,0.950,12564.650391,0.000000,76.148003,9.000000,-0.025894,0.085497,-0.043511,144.159103,-0.701165,45.165260856531,8.817729061116,85.32
50.800,0.952,12607.429688,0.000000,76.473999,9.000000,-0.024550,0.082310,-0.035661,144.227859,-0.669767,45.165245128823,8.817712866837,85.31
50.900,0.954,12649.019531,0.000000,76.710999,9.000000,-0.021764,0.079595,-0.028442,144.292374,-0.598491,45.165229294851,8.817696597299,85.30
51.000,0.957,12693.169922,0.000000,77.011002,9.000000,-0.017635,0.078155,-0.032682,144.345428,-0.475420,45.165213482120,8.817680385490,85.29
51.100,0.959,12738.240234,0.000000,77.274002,9.000000,-0.011663,0.077518,-0.046261,144.382797,-0.320950,45.165197768810,8.817664312007,85.29
51.200,0.961,12784.320313,0.000000,77.511002,9.000000,-0.005290,0.077116,-0.069810,144.401474,-0.137604,45.165181981487,8.817648199678,85.27
51.300,0.963,12823.339844,0.000000,77.814003,9.000000,0.000663,0.077358,-0.108885,144.408691,0.038867,45.165165751532,8.817631652993,85.25
51.400,0.965,12870.900391,0.000000,78.076004,8.620000,0.005277,0.077996,-0.161254,144.399979,0.173168,45.165149589017,8.817615178988,85.23
51.500,0.967,12923.620117,0.000000,78.314003,8.000000,0.007890,0.079117,-0.226456,144.372711,0.230006,45.165133467953,8.817598739847,85.20
51.600,0.970,12971.099609,0.000000,78.613998,8.380000,0.007559,0.080545,-0.297389,144.342682,0.212588,45.165117463777,8.817582402510,85.16
51.700,0.972,13015.719727,0.000000,78.914001,9.000000,0.004920,0.081424,-0.371873,144.324127,0.140624,45.165101403781,8.817565983098,85.12
51.800,0.974,13061.240234,0.000000,79.213997,9.000000,0.000612,0.082215,-0.448535,144.317017,0.017324,45.165085063923,8.817549254927,85.07
51.900,0.976,13109.240234,0.000000,79.514000,9.000000,-0.004729,0.082457,-0.528749,144.321365,-0.128895,45.165068633907,8.817532424132,85.02
52.000,0.978,13156.480469,0.000000,79.814003,9.000000,-0.009738,0.082852,-0.606786,144.337189,-0.271905,45.165052240501,8.817515632529,84.96
52.100,0.981,13211.980469,0.000000,80.113998,9.000000,-0.012593,0.082852,-0.679093,144.368820,-0.351661,45.165035953758,8.817498963905,84.91
52.200,0.983,13269.299805,0.000000,80.414001,9.000000,-0.012899,0.082852,-0.747848,144.410294,-0.357161,45.165019593275,8.817482245026,84.85
52.300,0.985,13308.480469,0.000000,80.713997,9.000000,-0.011140,0.082852,-0.814426,144.444672,-0.299407,45.165002935513,8.817465246762,84.79
52.400,0.987,13350.299805,0.000000,81.014000,8.620000,-0.008107,0.083094,-0.873097,144.470337,-0.193525,45.164986180748,8.817448169421,84.73
52.500,0.990,13391.000000,0.000000,81.314003,8.000000,-0.004525,0.083732,-0.920308,144.481796,-0.101851,45.164969466170,8.817431146416,84.67
52.600,0.992,13439.860352,0.000000,81.613998,8.380000,-0.001823,0.084369,-0.958238,144.488907,-0.027596,45.164952870991,8.817414251076,84.61
52.700,0.994,13487.240234,0.000000,81.914001,9.000000,0.000089,0.084764,-0.988261,144.484558,0.009532,45.164936216827,8.817397298148,84.56
52.800,0.996,13532.959961,0.000000,82.213997,9.000000,0.002244,0.084522,-1.006825,144.477448,0.041159,45.164919389696,8.817380166695,84.51
52.900,0.999,13576.099609,0.000000,82.514000,9.000000,0.005277,0.083642,-1.013930,144.473099,0.104413,45.164902494831,8.817362958833,84.46
53.000,1.001,13619.599609,0.000000,82.817001,9.000000,0.010631,0.081361,-1.009460,144.457047,0.223818,45.164885429467,8.817345566655,84.41
53.100,1.003,13665.839844,0.000000,83.117004,8.610000,0.019770,0.077040,-0.993532,144.425186,0.437875,45.164868574621,8.817328374045,84.38
53.200,1.006,13701.950195,0.000000,83.377998,8.000000,0.031739,0.071444,-0.970614,144.370422,0.753689,45.164851672029,8.817311097686,84.34
53.300,1.008,13716.309570,0.000000,83.578003,8.000000,0.044485,0.064574,-0.943227,144.279312,1.097464,45.164834508470,8.817293489186,84.31
53.400,1.010,13733.610352,0.000000,83.778000,8.000000,0.055740,0.056926,-0.906615,144.148804,1.396548,45.164817286542,8.817275751443,84.28
53.500,1.013,13745.870117,0.000000,83.977997,8.000000,0.061183,0.049526,-0.866508,143.997894,1.545288,45.164800153837,8.817258021270,84.26
53.600,1.015,13771.459961,0.000000,84.139000,8.390000,0.057703,0.042764,-0.826401,143.834930,1.478825,45.164783202214,8.817240382373,84.25
53.700,1.017,13780.389648,0.000000,84.278000,9.000000,0.046047,0.036640,-0.781824,143.694901,1.183178,45.164766251821,8.817222651421,84.24
53.800,1.020,13791.919922,0.000000,84.439003,9.000000,0.027877,0.031401,-0.732493,143.591202,0.703040,45.164749075517,8.817204601373,84.22
53.900,1.022,13811.730469,0.000000,84.539001,9.000000,0.005711,0.027437,-0.684422,143.544785,0.117248,45.164731847718,8.817186470202,84.22
54.000,1.024,13810.540039,0.000000,84.619499,9.000000,-0.013505,0.024747,-0.632855,143.564606,-0.426145,45.164714699267,8.817168418972,84.21
54.100,1.027,13803.169922,0.000000,84.669502,9.000000,-0.020675,0.023084,-0.581289,143.637833,-0.672746,45.164697708045,8.817150547552,84.22
54.200,1.029,13803.440430,0.000000,84.739006,9.000000,-0.009426,0.021561,-0.531958,143.709106,-0.481149,45.164680676075,8.817132681800,84.21
54.300,1.031,13802.559570,0.000000,84.819504,9.000000,0.026118,0.018903,-0.486121,143.739594,0.305178,45.164663394244,8.817114554504,84.21
54.400,1.034,13806.950195,0.000000,84.869507,9.000000,0.091303,0.013588,-0.444753,143.674500,1.836579,45.164646074583,8.817096323723,84.20
54.500,1.036,13814.679688,0.000000,84.861000,9.000000,0.191866,0.003703,-0.412610,143.400406,4.274630,45.164628896663,8.817078072667,84.20
54.600,1.039,13823.200195,0.000000,84.840004,9.000000,0.327329,-0.012109,-0.385968,142.802109,7.568449,45.164611829623,8.817059627743,84.20
54.700,1.041,13838.599609,0.000000,84.860001,9.000000,0.483855,-0.033013,-0.367633,141.867050,11.382056,45.164595131054,8.817041000735,84.19
54.800,1.043,13851.400391,0.000000,84.720001,9.000000,0.655805,-0.057869,-0.358466,140.533203,15.621943,45.164578567009,8.817021559120,84.17
54.900,1.046,13827.200195,0.000000,84.480003,9.000000,0.834510,-0.084891,-0.352736,138.768494,20.077263,45.164562398806,8.817001459998,84.15
55.000,1.048,13804.000000,0.000000,84.180000,9.000000,1.007480,-0.111531,-0.349299,136.536255,24.417994,45.164546866285,8.816980771311,84.14
55.100,1.050,13772.400391,0.000000,83.880005,8.600000,1.163114,-0.135240,-0.349299,133.863983,28.373693,45.164532152384,8.816959507227,84.13
55.200,1.053,13699.200195,0.000000,83.540001,8.000000,1.297079,-0.154742,-0.347007,130.836472,31.820608,45.164518357200,8.816937240813,84.11
55.300,1.055,13612.599609,0.000000,83.020004,8.000000,1.407209,-0.170420,-0.338985,127.492683,34.708313,45.164505475341,8.816913651193,84.11
55.400,1.057,13500.200195,0.000000,82.400002,8.000000,1.493120,-0.182529,-0.322943,123.871597,37.041397,45.164493634174,8.816889147041,84.10
55.500,1.059,13379.799805,0.000000,81.779999,8.000000,1.554558,-0.191706,-0.295441,120.053406,38.829025,45.164483001978,8.816863985404,84.10
55.600,1.062,13299.200195,0.000000,81.060005,8.000000,1.594709,-0.197570,-0.256479,116.104584,40.126202,45.164473689522,8.816838359462,84.10
55.700,1.064,13230.000000,0.000000,80.420006,8.000000,1.619692,-0.198462,-0.208351,112.052620,41.075020,45.164465868497,8.816812004710,84.09
55.800,1.066,13157.400391,0.000000,79.720001,8.000000,1.631419,-0.193109,-0.154493,107.897530,41.702984,45.164459487949,8.816784752138,84.09
55.900,1.068,13015.599609,0.000000,78.980003,8.400000,1.630526,-0.180745,-0.094905,103.666809,42.010090,45.164454463243,8.816757099580,84.09
56.000,1.071,12871.400391,0.000000,78.300003,9.000000,1.614976,-0.161625,-0.034172,99.447548,41.941334,45.164450827238,8.816729379586,84.10
56.100,1.073,12791.599609,0.000000,77.760002,9.000000,1.583874,-0.137662,0.023124,95.299332,41.414211,45.164448576474,8.816701828497,84.10
56.200,1.075,12750.709961,0.000000,77.236000,9.000000,1.538478,-0.111130,0.080993,91.167847,40.434914,45.164447863813,8.816674004240,84.11
56.300,1.077,12666.950195,0.000000,76.917999,9.000000,1.480877,-0.083986,0.135939,87.158295,39.069901,45.164448626496,8.816646237710,84.13
56.400,1.079,12703.400391,0.000000,76.636002,9.000000,1.412849,-0.059048,0.187506,83.282120,37.375778,45.164450610076,8.816618649203,84.14
56.500,1.081,12826.959961,0.000000,76.359001,9.000000,1.337989,-0.039616,0.234374,79.627449,35.463013,45.164453729628,8.816591528020,84.16
56.600,1.083,12720.230469,0.000000,76.259003,8.590000,1.260612,-0.026672,0.272131,76.225800,33.450329,45.164457898492,8.816565049585,84.18
56.700,1.085,12570.379883,0.000000,76.159004,8.000000,1.182858,-0.018157,0.301811,73.000732,31.419994,45.164463242485,8.816539060839,84.20
56.800,1.088,12470.339844,0.000000,76.058998,8.000000,1.105628,-0.011931,0.320031,69.949615,29.403183,45.164469733422,8.816513279841,84.21
56.900,1.090,12420.599609,0.000000,75.959000,8.410000,1.029410,-0.007093,0.326792,67.073029,27.386372,45.164477098596,8.816487957762,84.22
57.000,1.092,12488.389648,0.000000,75.941002,9.000000,0.953046,-0.002893,0.322093,64.424126,25.378958,45.164485206535,8.816463300785,84.24
57.100,1.094,12535.410156,0.000000,75.959000,9.000000,0.873840,0.001192,0.305936,62.017361,23.319288,45.164493949137,8.816439408227,84.26
57.200,1.096,12551.580078,0.000000,75.920502,9.000000,0.789535,0.005915,0.280669,59.805401,21.080399,45.164503450382,8.816416091139,84.23
57.300,1.098,12554.730469,0.000000,75.970497,9.000000,0.700392,0.011536,0.254370,57.797646,18.654036,45.164513726154,8.816392983651,84.22
57.400,1.100,12554.059570,0.000000,76.020500,8.590000,0.608095,0.018432,0.231451,56.021706,16.142418,45.164524517175,8.816370246422,84.21
57.500,1.102,12647.530273,0.000000,76.070503,8.000000,0.516353,0.025295,0.213231,54.526054,13.681909,45.164535669632,8.816348013604,84.21
57.600,1.104,12683.769531,0.000000,76.140999,8.410000,0.427797,0.030770,0.206470,53.308975,11.313072,45.164547068535,8.816326328010,84.21
57.700,1.107,12586.919922,0.000000,76.241005,9.000000,0.342166,0.035346,0.211169,52.304924,9.035909,45.164558819126,8.816304950986,84.22
57.800,1.109,12545.919922,0.000000,76.384003,9.000000,0.258269,0.038673,0.220336,51.495564,6.819479,45.164571106814,8.816283285007,84.24
57.900,1.111,12574.860352,0.000000,76.542000,9.000000,0.177495,0.040687,0.230878,50.899460,4.674783,45.164583459733,8.816261919849,84.27
58.000,1.113,12605.759766,0.000000,76.683998,9.000000,0.099168,0.041694,0.245661,50.540329,2.581883,45.164595840929,8.816240754294,84.30
58.100,1.115,12635.440430,0.000000,76.842003,8.580000,0.024027,0.042331,0.257120,50.406258,0.580656,45.164608148719,8.816219813653,84.33
58.200,1.117,12667.019531,0.000000,76.984001,8.000000,-0.045785,0.043504,0.270986,50.448887,-1.290395,45.164620461424,8.816198822723,84.32
58.300,1.119,12699.280273,0.000000,77.141998,8.000000,-0.105439,0.045683,0.283361,50.665237,-2.929971,45.164632876459,8.816177392270,84.33
58.400,1.122,12727.400391,0.000000,77.284004,7.580000,-0.149401,0.048768,0.291497,51.032387,-4.156101,45.164645234081,8.816155766425,84.33
58.500,1.124,12746.139648,0.000000,77.484001,7.000000,-0.168521,0.052860,0.300550,51.498543,-4.684138,45.164657427057,8.816134101721,84.34
58.600,1.126,12769.440430,0.000000,77.683998,7.420000,-0.158719,0.056786,0.308686,51.972038,-4.408660,45.164669407519,8.816112475554,84.35
